-6 dB,1896250.84457,1856760.25,11.1634768624
-6 dB,1893614.24545,1841363.0,11.9264111007
-6 dB,1880972.95421,1821781.5,11.776710149
-6 dB,1907020.39713,1842878.5,12.1175692855
-6 dB,1893192.93277,1825466.0,12.6038233336
-6 dB,1810449.05192,1740839.0,13.6620551956
-6 dB,1734056.89281,1662746.0,14.2506104707
-6 dB,1636059.40206,1563992.5,14.4999232115
-6 dB,1565710.78434,1492204.75,15.2380271875
-6 dB,1571002.18121,1494619.0,16.4170277306
-6 dB,1355349.54401,1282614.75,16.5831243665
-6 dB,1268097.49201,1195535.75,18.029530385
-6 dB,1395696.71233,1315771.75,18.00423482
-6 dB,1287714.9104,1209141.125,19.4892418967
-6 dB,1121201.32407,1047724.3125,19.9649465576
-6 dB,1243108.62093,1161755.0,22.2109270126
-6 dB,895951.885883,830236.75,22.1401026296
-6 dB,1090091.03335,1012243.5,22.6884895251
-6 dB,867241.932893,801655.625,23.8222716302
-6 dB,829156.595536,765379.3125,25.970422929
-6 dB,872516.219439,805558.625,26.7774080446
-6 dB,727485.813686,671421.125,27.4795545171
-6 dB,652941.175617,604621.0625,29.0163933272
-6 dB,497406.68205,466168.0,30.9436504123
-6 dB,549508.527288,516028.75,31.2473302604
-6 dB,519395.679185,492339.5625,32.8156959777
-6 dB,585802.361756,555345.4375,35.9466423057
-6 dB,492345.342323,476158.96875,36.4816952695
-6 dB,534443.05837,517504.6875,39.5740476775
-6 dB,467217.675057,462378.78125,38.322128498
-6 dB,485796.682879,482644.59375,38.3917565955
-6 dB,484811.84627,484612.1875,42.487083997
-6 dB,471717.284175,475007.4375,41.7006131217
-6 dB,477608.458172,480085.8125,43.713181214
-6 dB,524490.498765,523291.375,44.0291039498
-6 dB,497937.905443,496699.4375,43.2635717157
-6 dB,508209.215116,504836.875,44.4998125662
-6 dB,493927.460782,489209.21875,45.7160791634
-6 dB,487769.588415,479297.0625,44.4078220725
-6 dB,494562.503851,484927.46875,46.3527967337
-6 dB,491057.441911,481920.75,44.3809157078
-6 dB,470016.141389,457173.53125,45.129043227
-6 dB,483026.881388,474224.1875,42.7116910512
-6 dB,468974.6679,460965.25,43.1674363843
-6 dB,456185.787747,447155.375,42.7343093553
-6 dB,450826.715311,443478.5,41.6209060548
-6 dB,445681.970678,440456.28125,40.6293749237
-6 dB,407796.076161,400814.8125,40.5472909365
-6 dB,431507.484603,428140.125,40.271275481
-6 dB,483239.633182,481820.46875,40.5619554061
-6 dB,420321.661921,417441.21875,39.4389649496
-6 dB,424025.215657,422154.6875,38.1401856125
-6 dB,429325.55573,426903.96875,39.3522306455
-6 dB,412175.16098,410167.03125,36.4517044206
-6 dB,455254.607322,453070.75,37.9093437806
-6 dB,414807.295469,412730.4375,37.0267636839
-6 dB,411997.481401,410023.40625,36.9366368441
-6 dB,454008.260731,451416.8125,36.0989714857
-6 dB,432883.180952,429981.8125,35.7817902052
-6 dB,392504.063474,390137.78125,36.4463304309
-6 dB,474978.813783,470399.09375,36.6741995474
-6 dB,462109.948186,457684.875,36.3716589933
-6 dB,445412.384958,441515.5,36.8917553922
-6 dB,455953.124229,451409.5,36.9460245874
-6 dB,398671.579858,396568.4375,36.9131085859
-6 dB,368697.866416,367492.8125,38.0286883251
-6 dB,407455.857009,405437.3125,38.7436832525
-6 dB,400619.127247,398872.875,39.4006549561
-6 dB,400413.99392,398669.25,38.562135757
-6 dB,397127.14244,395467.3125,38.9549084304
-6 dB,414167.489024,412322.75,38.4641590644
-6 dB,387040.140903,385357.25,39.5585118843
-6 dB,419669.633238,417888.0625,40.8765770731
-6 dB,378660.546901,376819.84375,39.7026484995
-6 dB,404348.159027,402452.1875,41.3172138387
-6 dB,386785.915833,384838.0625,41.3732382018
-6 dB,447013.870826,444913.375,40.9183160951
-6 dB,390260.438795,388438.125,40.80019261
-6 dB,389008.001231,387309.09375,41.5432054066
-6 dB,429070.068771,427075.15625,41.1632443898
-6 dB,394087.070704,392431.9375,40.6925414993
-6 dB,415841.877101,414020.0,42.04494278
-6 dB,385341.593006,383673.71875,40.0788386155
-6 dB,455055.545754,452585.3125,42.1493377833
-6 dB,358852.064427,356704.0625,40.5689001909
-6 dB,420027.34088,418140.125,41.4913531363
-6 dB,402670.266819,401094.6875,39.7780244473
-6 dB,369428.206911,367686.0625,40.3331277801
-6 dB,390265.46511,388652.0,40.7930687203
-6 dB,421231.331407,419483.625,40.4951845143
-6 dB,384994.94756,383305.25,40.6794684379
-6 dB,429462.0466,427573.78125,41.8579477748
-6 dB,409798.334248,407887.3125,41.8342073543
-6 dB,383460.661345,381711.625,41.3837676058
-6 dB,440014.42651,437535.3125,41.5220820872
-6 dB,386100.03022,384594.6875,40.9976967879
-6 dB,381422.436768,379793.75,41.3200632572
-6 dB,387939.156025,386171.90625,42.7391102242
-6 dB,388355.431054,386584.9375,40.8271811218
-6 dB,383856.63188,382155.5,41.5830929898
-6 dB,381073.17137,379214.59375,41.2754720683
-6 dB,366206.569004,364324.0625,41.6541707231
-6 dB,368284.828339,366266.53125,41.6107968528
-6 dB,369044.553189,366983.84375,41.4573644898
-6 dB,403322.691472,401527.125,42.0450314164
-6 dB,418294.520243,416248.9375,42.2756706291
-6 dB,367707.555871,366032.9375,41.111069868
-6 dB,348618.059873,346503.5,43.7944219724
-6 dB,401669.618375,399827.875,41.6582198244
-6 dB,380379.942817,378852.8125,41.2319564256
-6 dB,374820.096362,373104.5625,42.2842417116
-6 dB,400210.620511,398182.1875,42.7175350197
-6 dB,425263.298467,422313.8125,43.4550727461
-6 dB,378268.749379,376186.1875,42.2006583881
-6 dB,405853.884514,403366.9375,43.3599512742
-6 dB,355625.097864,354104.25,44.1066590083
-6 dB,370618.428377,368982.71875,42.8565513392
-6 dB,389065.233093,387267.3125,44.3352221758
-6 dB,372092.764908,370267.90625,44.2353396106
-6 dB,393452.038558,391455.375,44.1776892551
-6 dB,410197.110628,407835.4375,42.4245226833
-6 dB,379873.435569,377818.875,45.3839663591
-6 dB,360239.24183,358245.3125,42.66860836
-6 dB,369586.145368,367354.65625,44.2302365688
-6 dB,357864.907264,355720.5625,43.759018427
-6 dB,365126.094881,363310.875,42.6404730724
-6 dB,355669.656049,353738.25,44.3506523078
-6 dB,369686.840819,367610.5625,43.9493432124
-6 dB,370764.754619,368838.0625,44.2945958035
-6 dB,354811.860428,352591.875,44.16651092
-6 dB,390861.560678,388857.78125,46.1134388639
-6 dB,339011.963576,336675.40625,45.5705123803
-6 dB,422881.438845,420323.75,44.4178630222
-6 dB,353117.504689,351272.6875,43.6943307568
-6 dB,397154.472159,394738.0,45.5837356884
-6 dB,331151.260855,329146.75,44.3915551247
-6 dB,361451.049785,359385.90625,45.1818109482
-6 dB,378947.737771,376820.90625,45.6789806862
-6 dB,380635.56985,378432.53125,45.2225253461
-6 dB,368236.20944,366242.90625,45.2933278562
-6 dB,339789.600302,338011.25,44.5949023549
-6 dB,359799.063311,357767.8125,46.9380310082
-6 dB,341750.380741,339742.96875,45.6720886558
-6 dB,402047.322302,399159.125,46.5425974118
-6 dB,353831.495092,351961.0625,47.1937633193
-6 dB,339632.011867,337811.4375,46.4612382425
-6 dB,329504.173693,327450.375,46.7254110864
-6 dB,362212.205248,360158.25,47.1966093023
-6 dB,351361.631857,349200.75,47.6798850428
-6 dB,341249.356092,339051.0625,48.3400133766
-6 dB,336533.866522,334447.28125,46.5646406102
-6 dB,350629.514996,348574.84375,47.055407001
-6 dB,388804.281694,386231.71875,49.3600331192
-6 dB,347957.608733,345974.40625,48.4125591448
-6 dB,335092.897401,333013.0625,48.182182024
-6 dB,359852.301703,357736.53125,47.1303066334
-6 dB,361747.686006,359626.53125,48.5506708543
-6 dB,344935.163838,342817.0625,49.749415929
-6 dB,342198.830114,340254.09375,47.1643409341
-6 dB,329464.869399,327270.375,48.9693655784
-6 dB,338368.196823,336225.5,48.4041626629
-6 dB,357518.309473,355307.9375,49.0564790873
-6 dB,327781.072286,325506.25,49.783715528
-6 dB,343309.423869,341199.28125,50.9071158036
-6 dB,353834.501683,351373.34375,49.7209609855
-6 dB,316924.27259,314309.5,50.2642154465
-6 dB,318028.546749,315572.1875,49.2176895389
-6 dB,316994.602145,314355.875,50.5085922261
-6 dB,333307.4945,331110.375,51.7405373051
-6 dB,326235.077584,324284.34375,49.9913977709
-6 dB,337808.975937,335848.625,49.1124451993
-6 dB,313444.269056,311377.75,49.6066214561
-6 dB,331722.34114,329709.15625,50.7626330409
-6 dB,333436.659022,331130.0,50.7541599852
-6 dB,333192.772265,330958.9375,50.0791821983
-6 dB,322464.729451,320362.25,51.1150150186
-6 dB,325936.637949,323780.125,50.6527331166
-6 dB,330070.694559,327835.0625,50.5972457631
-6 dB,303583.461824,301689.75,50.450705736
-6 dB,313096.308525,311128.125,51.4664219963
-6 dB,289160.301141,286948.375,50.4241829278
-6 dB,301813.037702,299364.78125,53.1712133472
-6 dB,341203.654426,338722.5,53.9542504607
-6 dB,320385.310428,318242.53125,51.3389426037
-6 dB,317257.268426,315073.8125,54.3322653711
-6 dB,358660.484592,354964.875,52.7313000253
-6 dB,323473.377191,320996.71875,51.6267133323
-6 dB,292576.685314,290513.28125,55.2498501878
-6 dB,342175.318133,339158.21875,54.4555056401
-6 dB,305951.605146,304088.5,54.2167679958
-6 dB,308790.153244,306674.0625,54.6207697737
-6 dB,314760.077303,312778.71875,54.9508019521
-6 dB,314254.014225,312121.71875,56.6805016469
-6 dB,320830.562198,318684.5625,55.1926107966
-6 dB,305798.2673,303567.875,57.8225740381
-6 dB,314957.425353,312808.9375,56.4753473343
-6 dB,358869.550452,355644.53125,56.8929734597
-6 dB,285741.96452,283309.4375,56.8547350777
-6 dB,328551.659661,326144.71875,57.6032030948
-6 dB,311891.676945,309686.3125,57.9489549812
-6 dB,328640.109407,326006.375,58.9249054282
-6 dB,331398.844461,328753.09375,58.1937510466
-6 dB,300627.307009,298305.3125,58.4827855878
-6 dB,335775.067608,333132.40625,57.9957949837
-6 dB,317045.698703,314604.875,58.8398074994
-6 dB,292430.564508,289990.5,57.7817865019
-6 dB,283820.25999,280808.75,58.3491553968
-6 dB,287200.616511,284418.96875,58.6324506382
-6 dB,287907.723258,284868.65625,59.0908372738
-6 dB,271999.535769,267911.8125,60.6765309031
-6 dB,321467.826258,319763.9375,60.3789083309
-6 dB,297093.706502,295094.90625,60.0248737928
-6 dB,294962.918702,292793.375,61.2281941374
-6 dB,322503.826344,319905.96875,61.1114138634
-6 dB,352294.685706,347865.75,59.8974011185
-6 dB,254692.71379,252594.34375,59.1549693825
-6 dB,286177.518142,284005.4375,59.6435320796
-6 dB,276235.434494,274095.375,60.3615149913
-6 dB,306435.859322,303576.3125,63.3833929429
-6 dB,317480.37512,314251.6875,62.9205754056
-6 dB,288820.202832,286453.65625,61.4093124986
-6 dB,307712.420414,304568.28125,62.4978077606
-6 dB,274687.796497,272819.40625,62.3158094488
-6 dB,285207.749942,282963.375,64.5375227802
-6 dB,267386.987751,264978.6875,64.7914292281
-6 dB,290360.839914,287886.6875,66.2874705008
-6 dB,286324.439376,284147.8125,65.6158173027
-6 dB,308875.345939,306058.9375,66.9169387468
-6 dB,293854.242295,291183.84375,65.7796235552
-6 dB,277680.571991,275259.84375,65.9473185085
-6 dB,289264.871482,286754.03125,68.8856671124
-6 dB,299580.863961,296967.21875,65.5193981976
-6 dB,271771.381327,269455.90625,68.2775199954
-6 dB,275671.541859,273290.25,70.038165155
-6 dB,252347.771859,248718.015625,68.6843283623
-6 dB,292354.694824,289904.4375,69.423142269
-6 dB,264614.517373,261961.625,68.3192262654
-6 dB,258827.692049,256644.65625,69.7601549615
-6 dB,282548.630962,280229.125,70.3066282736
-6 dB,299394.570531,296516.59375,68.1847813223
-6 dB,238086.222348,235545.671875,69.2907789443
-6 dB,259953.981612,257670.75,70.5915598904
-6 dB,250173.536269,247906.359375,70.2916843819
-6 dB,254526.075818,252068.28125,70.4723081812
-6 dB,251263.115091,249000.0625,71.203694193
-6 dB,260021.838343,257761.375,68.2382356891
-6 dB,271530.492772,268807.28125,72.5897915668
-6 dB,247986.335568,245816.5625,70.5551831009
-6 dB,239361.429206,237123.34375,73.8563507856
-6 dB,289703.033732,285790.65625,74.0571317604
-6 dB,259549.806812,256792.015625,75.1283225482
-6 dB,256852.775105,254305.28125,72.6901787714
-6 dB,262073.282892,259450.265625,75.2425530572
-6 dB,258227.206509,255578.9375,76.3469966037
-6 dB,268809.961928,265636.59375,78.5175388898
-6 dB,238923.866004,237102.71875,74.5055062282
-6 dB,254857.734324,252509.84375,77.7533403237
-6 dB,253431.380878,250992.0,78.1080673095
-6 dB,240755.976195,238254.34375,79.2354097272
-6 dB,255412.751819,252817.5625,79.0557774947
-6 dB,233899.406629,230675.578125,83.7181762753
-6 dB,247735.007204,245024.625,81.7268519746
-6 dB,244816.993521,242392.421875,80.1340205608
-6 dB,233634.97928,230867.453125,78.9542096936
-6 dB,235878.940611,233393.59375,79.0350440684
-6 dB,217807.580992,214943.75,81.4868010464
-6 dB,230061.007169,227786.78125,82.6329989601
-6 dB,247271.534835,244975.953125,83.8987296847
-6 dB,215553.352516,213212.78125,82.5773096745
-6 dB,250526.918531,247799.40625,82.1222571708
-6 dB,249496.786193,246289.53125,85.0817995605
-6 dB,220723.735579,218320.984375,86.6010997468
-6 dB,247844.850791,244046.5,85.0136953824
-6 dB,229266.362237,226570.53125,83.5339865613
-6 dB,214309.554008,212301.78125,83.7069193814
-6 dB,236865.678326,234096.40625,85.6404775114
-6 dB,225462.862647,223266.359375,88.7086288342
-6 dB,214335.066127,212056.65625,89.277202756
-6 dB,220958.706096,218419.296875,89.176129364
-6 dB,215678.259952,213129.0625,85.3122105784
-6 dB,201334.028592,197531.0625,91.7027700946
-6 dB,216880.764439,214429.53125,91.1452020449
-6 dB,260778.406412,257840.515625,94.414530114
-6 dB,228910.478,226177.28125,92.7882178233
-6 dB,227145.459156,224322.265625,90.6014769944
-6 dB,239300.277623,235593.84375,94.1471113929
-6 dB,194003.341546,191700.71875,94.8459002956
-6 dB,202144.877599,199736.5625,93.215570434
-6 dB,214868.739004,212251.515625,97.0166406202
-6 dB,217053.640595,214346.8125,98.60704778
-6 dB,220748.712803,218082.421875,97.122686657
-6 dB,218765.903032,215969.375,101.392147554
-6 dB,223958.149787,220764.53125,99.2636534101
-6 dB,213569.939047,210923.703125,101.070318629
-6 dB,225386.842554,222226.84375,105.154625882
-6 dB,212979.512386,210419.78125,104.29495336
-6 dB,196847.752833,194451.0625,103.360760334
-6 dB,198827.547115,196078.15625,102.133003074
-6 dB,206176.574324,203449.125,104.779080116
-6 dB,216878.997687,214200.0625,105.97068962
-6 dB,196995.216575,194202.21875,106.249981949
-6 dB,184907.387288,181249.09375,106.525741191
-6 dB,182257.941623,178532.703125,110.295442199
-6 dB,209590.630417,207373.953125,105.605901148
-6 dB,177419.782559,174465.984375,108.847364725
-6 dB,213206.182872,210759.578125,107.996756473
-6 dB,171392.571608,168913.6875,111.10461322
-6 dB,189417.332455,186868.703125,110.50931158
-6 dB,195473.893342,192622.625,112.489895536
-6 dB,208740.260571,203989.4375,116.698599988
-6 dB,188980.352315,185649.84375,115.851051026
-6 dB,169992.785668,168337.921875,114.062328678
-6 dB,201067.322582,197180.40625,117.925434696
-6 dB,197359.785316,194121.671875,119.842938575
-6 dB,163828.704588,161591.203125,119.990560485
-6 dB,180992.041178,178331.8125,119.4790696
-6 dB,165963.279722,162493.1875,118.91249347
-6 dB,166716.708423,162858.90625,120.489783975
-6 dB,187544.197606,185324.71875,123.590376053
-6 dB,178277.004638,176069.71875,124.058692709
-6 dB,165978.496142,163507.09375,119.671021599
-6 dB,217145.690407,212545.96875,123.88145969
-6 dB,184003.806828,180403.59375,127.354494878
-6 dB,167424.559845,165063.625,128.617065079
-6 dB,182683.403414,179194.5,129.437143335
-6 dB,156200.390986,154074.109375,133.690168715
-6 dB,173517.87116,170937.203125,132.183660564
-6 dB,168219.174911,165687.59375,134.303108761
-6 dB,153228.444498,149173.53125,133.619772359
-6 dB,150038.870089,145411.640625,133.859871995
-6 dB,187962.630317,185882.828125,134.225373529
-6 dB,167356.325866,164718.6875,138.264374394
-6 dB,167004.697108,164290.59375,136.166694249
-6 dB,156533.268144,154013.9375,138.037090308
-6 dB,165068.31113,162212.75,137.115847199
-6 dB,166544.648228,163207.375,141.188555839
-6 dB,164261.158677,161322.890625,142.350238166
-6 dB,168990.956408,165609.53125,145.089977195
-6 dB,172837.605214,169309.75,147.45348366
-6 dB,153540.830542,151839.09375,147.499212693
-6 dB,158270.708087,155626.984375,149.661830537
-6 dB,152819.297203,149411.125,148.189390813
-6 dB,151675.736314,147245.75,153.286575138
-6 dB,170030.965405,167798.4375,151.229812774
-6 dB,150798.7625,148205.125,152.144752547
-6 dB,143819.043132,141056.875,149.622263755
-6 dB,154130.048997,151722.296875,155.60441609
-6 dB,164740.759895,161346.3125,159.688397198
-6 dB,153020.148241,149708.765625,157.181727972
-6 dB,135428.008392,133218.71875,159.953373037
-6 dB,149296.530038,146439.109375,163.131458792
-6 dB,139262.922822,136629.484375,161.83459968
-6 dB,139567.592945,136588.96875,161.199298841
-6 dB,129602.13207,126738.265625,167.269972714
-6 dB,142735.541669,140151.09375,164.224257613
-6 dB,146226.508675,143362.71875,166.499905825
-6 dB,135086.409106,132654.46875,175.274939306
-6 dB,125794.391751,122905.640625,169.447154405
-6 dB,123092.605427,120064.492188,166.034726636
-6 dB,125651.840528,123036.273438,172.03238522
-6 dB,136025.522535,133698.125,173.932061357
-6 dB,129488.711848,126730.726562,177.262147857
-6 dB,127905.165851,125089.8125,173.823733526
-6 dB,140962.881064,136765.21875,173.399558845
-6 dB,151427.520744,145350.6875,176.862046537
-6 dB,152728.530582,147045.40625,179.094659773
-6 dB,125163.678323,125560.296875,181.644055847
-6 dB,127565.314386,124099.96875,180.233593476
-6 dB,134910.256066,131350.703125,180.507893157
-6 dB,126672.583389,122104.125,190.981712017
-6 dB,138862.605481,136879.21875,193.360825505
-6 dB,124493.21533,121480.304688,190.133781026
-6 dB,129773.959026,127906.53125,188.631200665
-6 dB,108395.203258,103436.75,193.484989394
-6 dB,131226.554041,129485.859375,193.424344718
-6 dB,130553.217224,127036.28125,193.53915728
-6 dB,107229.465077,104823.0,191.879644603
-6 dB,135071.216016,129952.890625,198.926307553
-6 dB,127663.475493,123605.328125,208.789961349
-6 dB,146858.198238,139048.4375,204.905892564
-6 dB,130416.588682,128429.429688,205.290506265
-6 dB,120106.375551,119632.078125,200.623961501
-6 dB,126998.688189,123663.125,212.874958148
-6 dB,123144.229928,118481.515625,205.892963553
-6 dB,115676.948648,106719.40625,210.384124675
-6 dB,110483.997301,105953.046875,202.259876293
-6 dB,119999.544639,120772.953125,209.867977365
-6 dB,115595.825067,114992.03125,215.263113309
-6 dB,114231.149959,112158.640625,211.892874004
-6 dB,102642.002194,99789.6328125,213.725298888
-6 dB,135136.260073,126901.890625,209.478244896
-6 dB,125321.041658,117986.46875,216.020507259
-6 dB,105015.612841,105371.382812,224.027931545
-6 dB,109338.577755,108410.304688,224.009730935
-6 dB,110482.194926,107950.53125,224.049867555
-6 dB,113047.171293,110286.8125,225.100422638
-6 dB,127129.131184,123754.390625,226.953250833
-6 dB,107487.570888,104179.15625,230.474894782
-6 dB,109042.221842,105842.859375,234.173647155
-6 dB,104528.556821,101206.820312,234.482367977
-6 dB,114417.572236,112466.453125,231.479109768
-6 dB,96725.1929494,93550.578125,229.501260484
-6 dB,117766.368481,114680.71875,234.360279751
-6 dB,112450.755277,108579.09375,232.372407306
-6 dB,105091.210669,102246.1875,237.114603088
-6 dB,100767.421359,98693.0,234.967527832
-6 dB,109107.898298,105902.914062,240.91712459
-6 dB,97715.9870369,94870.34375,237.591948896
-6 dB,102332.602281,99478.90625,239.864032415
-6 dB,116550.538068,113305.75,249.5899363
-6 dB,95977.6123252,92720.6875,247.360720714
-6 dB,95546.1950989,91436.6875,244.963030388
-6 dB,97390.2255598,95093.359375,254.172661147
-6 dB,119516.18414,115601.796875,246.298723066
-6 dB,92027.9537126,89131.875,247.69671008
-6 dB,95172.1512369,92435.6640625,254.357051037
-6 dB,108534.553694,104387.65625,249.425221391
-6 dB,102130.531393,98876.40625,255.102675667
-6 dB,104552.09992,101379.515625,256.43776858
-6 dB,102773.99985,100733.835938,254.49938225
-6 dB,99882.581186,97110.890625,259.891209713
-6 dB,98933.1586863,93032.46875,256.720581628
-6 dB,94661.9175096,88513.9765625,261.428991459
-6 dB,98525.094297,97587.625,259.735843688
-6 dB,83969.000201,77459.296875,257.345615002
-6 dB,115977.052193,114870.390625,256.418996911
-6 dB,87455.8705991,84496.4375,268.739625549
-6 dB,87710.8799554,84402.625,268.034853349
-6 dB,110313.694752,101459.515625,261.778075492
-6 dB,96844.3179369,92281.9140625,271.011474537
-6 dB,95894.234671,94723.15625,265.395920047
-6 dB,94955.1391741,94916.140625,278.420000425
-6 dB,96296.4962322,93575.296875,276.713779364
-6 dB,96716.4535206,89333.09375,272.764606143
-6 dB,92978.6644083,85426.0859375,276.778889909
-6 dB,86390.7465297,83623.3359375,269.002439913
-6 dB,85344.4662421,85147.90625,272.808423195
-6 dB,108889.809917,107413.289062,268.678750006
-6 dB,119828.371785,108203.453125,274.779023995
-6 dB,118207.659795,103399.53125,285.324074422
-6 dB,91739.1838019,91600.6875,276.534810569
-6 dB,93720.2535101,96511.890625,288.822116211
-6 dB,99684.8918746,95759.6875,289.41645957
-6 dB,101166.61523,98036.890625,286.906828165
-6 dB,97991.6102025,84129.90625,283.244906374
-6 dB,90876.2880132,89074.7109375,285.481655059
-6 dB,90638.5218415,90882.015625,289.067549603
-6 dB,89245.2703241,88399.25,284.33174419
-6 dB,98819.951813,94816.625,281.873284593
-6 dB,74561.8071165,72354.65625,281.779100712
-6 dB,75869.8071217,73404.859375,288.159427729
-6 dB,83447.9556093,80301.7890625,292.377540003
-6 dB,78197.8531844,75620.984375,295.520024937
-6 dB,85584.6668232,81863.1328125,292.163655353
-6 dB,84556.9785232,81766.671875,293.813439864
-6 dB,81689.2072291,79700.84375,301.05872888
-6 dB,79364.2031184,76846.1171875,291.828724431
-6 dB,79075.5162725,74178.609375,297.030528977
-6 dB,83262.4266708,80847.796875,299.326527364
-6 dB,75323.4822255,72141.03125,301.681759576
-6 dB,81572.7076503,79696.015625,293.735915649
-6 dB,88412.1104617,84014.609375,299.20623477
-6 dB,83161.7423163,79593.640625,297.292672117
-6 dB,97061.6726014,89438.84375,306.00542134
-6 dB,79764.3328096,79651.03125,306.096426221
-6 dB,89312.5978809,87034.265625,307.5395367
-6 dB,86410.4624017,82640.7734375,304.65554379
-6 dB,85656.6869115,81171.28125,305.819273686
-6 dB,82988.2654434,76676.9765625,305.502383966
-6 dB,77503.1172964,70421.84375,305.335389095
-6 dB,80497.1813502,81566.96875,306.927116104
-6 dB,88553.0003866,87688.90625,301.74666857
-6 dB,79041.6424886,75456.921875,310.130733101
-6 dB,98335.2998073,88368.4921875,306.343403001
-6 dB,96398.5632026,85768.6640625,314.28030542
-6 dB,77819.8439775,79592.796875,314.521095214
-6 dB,88174.7638892,87760.078125,316.396340086
-6 dB,88950.0397259,88300.6953125,318.114301151
-6 dB,90866.6558373,84643.6875,319.811478707
-6 dB,87146.6312997,80591.75,318.329100718
-6 dB,81314.4827101,71751.046875,319.634304931
-6 dB,77382.6925283,77352.703125,320.170483905
-6 dB,70117.0215975,70076.640625,312.959716194
-6 dB,76743.011846,77619.09375,316.887054181
-6 dB,86740.8356241,81703.0546875,316.314380541
-6 dB,78134.2902429,71620.59375,313.302925339
-6 dB,71705.0081107,68169.234375,316.999396529
-6 dB,73175.0542546,70424.8515625,317.928155329
-6 dB,72816.327628,72211.96875,329.811505153
-6 dB,80189.7615895,73945.078125,332.696304876
-6 dB,73441.9531583,67500.1875,320.454159344
-6 dB,74126.7109278,72790.9453125,317.569937399
-6 dB,76860.2781991,75410.328125,326.618429242
-6 dB,69070.2859416,67061.28125,323.82105108
-6 dB,65389.8717599,63244.8007812,322.604593773
-6 dB,70743.3080702,67908.7890625,330.023418885
-6 dB,73589.8273109,69106.65625,334.374529978
-6 dB,67906.9880262,65796.125,327.06820479
-6 dB,67131.1259693,64948.3046875,332.520163893
-6 dB,71437.5406234,63991.4726562,328.032566549
-6 dB,75885.5767059,74544.1015625,331.080316087
-6 dB,84079.8744747,79317.5703125,332.780719671
-6 dB,67636.7364684,64818.9609375,337.434911228
-6 dB,76139.2766774,72413.46875,329.539981981
-6 dB,74690.1633924,71803.34375,335.334076515
-6 dB,72331.72578,70998.2421875,336.456232064
-6 dB,73280.2837848,69834.9921875,347.066501141
-6 dB,72740.8561765,68129.6953125,339.67359785
-6 dB,70125.0977388,61602.8125,333.76061791
-6 dB,66879.17629,66167.7421875,340.629000389
-6 dB,73832.5018119,74114.296875,333.498905354
-6 dB,70873.2073657,68466.140625,342.759966273
-6 dB,59638.066736,57076.46875,340.032461352
-6 dB,73803.3480162,68680.1796875,339.223565172
-6 dB,72786.401754,66253.2578125,340.174375416
-6 dB,71433.4842877,68181.515625,353.036815445
-6 dB,67068.2040667,67577.109375,344.379669086
-6 dB,70724.7837338,65579.78125,351.99581385
-6 dB,67765.3281486,62545.359375,353.685060705
-6 dB,65899.4353592,63265.296875,346.993314534
-6 dB,63059.8488469,60993.1992188,350.457778029
-6 dB,65636.7189746,64712.203125,353.164853071
-6 dB,76960.4528016,72188.1640625,342.457972348
-6 dB,61095.5396269,58485.0546875,348.367695112
-6 dB,62726.4773917,59901.21875,352.404507324
-6 dB,60238.8489775,58319.515625,346.749454456
-6 dB,62802.6762094,58023.6210938,354.878171759
-6 dB,69460.4584557,66471.015625,350.797606014
-6 dB,72091.3794225,67590.90625,355.489061183
-6 dB,60825.7885635,59504.6328125,360.073720914
-6 dB,63858.449311,60848.4921875,349.201380767
-6 dB,64391.7981008,61459.0546875,357.807368755
-6 dB,63517.6715242,61070.875,360.414860198
-6 dB,62200.817761,59580.5078125,355.26499946
-6 dB,60198.4268489,57156.3164062,354.365463632
-6 dB,66495.6784975,64005.609375,358.535909241
-6 dB,60819.6468806,58069.96875,357.477084485
-6 dB,58895.569731,56048.8164062,359.396303375
-6 dB,56346.0663772,52511.2773438,357.664333337
-6 dB,68237.1806439,65602.21875,357.381325458
-6 dB,55893.0646355,53205.5859375,359.620242946
-6 dB,70355.0683384,65075.9960938,363.672398639
-6 dB,57377.8265434,55428.2578125,370.241313291
-6 dB,57271.5491682,55560.8320312,358.838033258
-6 dB,59038.9647494,55719.8203125,366.561140808
-6 dB,59922.0552967,57015.2304688,370.063857955
-6 dB,56708.0356401,54357.1171875,369.312000532
-6 dB,70377.3637114,66881.703125,373.654828515
-6 dB,56886.1308612,54268.9101562,373.208809133
-6 dB,62695.8899114,59380.9882812,372.288578968
-6 dB,57632.134554,54748.9804688,374.59564919
-6 dB,56121.6233192,52231.7226562,367.32819574
-6 dB,57472.1252954,55745.8085938,372.42490459
-6 dB,54264.0691842,51979.140625,369.082438927
-6 dB,60405.8357004,57726.953125,375.993683843
-6 dB,55558.9710787,52471.484375,380.437607052
-6 dB,64489.5465738,59138.9296875,379.81626205
-6 dB,68820.053176,62538.578125,375.85078096
-6 dB,60238.6520484,59917.7773438,379.848471633
-6 dB,64708.8800236,62259.3125,382.18801101
-6 dB,74296.8991723,58227.328125,386.357730427
-6 dB,65507.6011866,66185.234375,376.864987959
-6 dB,54923.9369044,51801.1484375,375.324444974
-6 dB,51694.824783,50297.6640625,375.385853709
-6 dB,66766.7579296,64288.6132812,381.598776647
-6 dB,53503.3505904,50711.8398438,384.87811612
-6 dB,74159.8112006,63090.4609375,381.657427196
-6 dB,59555.8526244,55421.0078125,382.386690822
-6 dB,59707.4515908,59517.9023438,383.183996022
-6 dB,61955.4525655,61118.0664062,382.423354668
-6 dB,63259.660872,58292.25,378.493392251
-6 dB,72627.7208272,54342.078125,380.281939312
-6 dB,59143.0165371,60630.0234375,375.757663464
-6 dB,69398.484149,69722.5234375,381.027201762
-6 dB,61827.009817,57953.8945312,383.916553469
-6 dB,59947.1379409,54820.53125,381.113967368
-6 dB,58078.3813473,53938.7773438,387.205581408
-6 dB,61395.2870762,57384.453125,384.785314997
-6 dB,57482.9847812,57742.875,397.947792081
-6 dB,61312.2832798,57249.5859375,389.329409966
-6 dB,59064.5212968,54961.8203125,389.873124481
-6 dB,57156.3873895,53268.7421875,389.75711697
-6 dB,54272.6153368,50092.875,387.421692885
-6 dB,55612.8377402,55118.640625,387.3505285
-6 dB,60761.3137221,58145.4023438,385.52211111
-6 dB,49406.1000475,47326.2773438,393.045691115
-6 dB,49820.3466119,47402.7226562,389.882200356
-6 dB,59293.3153494,54289.6953125,396.435791682
-6 dB,50723.9165508,47721.65625,396.273272451
-6 dB,56609.9024487,53584.53125,401.878741483
-6 dB,61744.9605816,57695.0742188,401.769810222
-6 dB,58604.3678585,57235.1601562,400.573396184
-6 dB,59523.6558815,53012.84375,400.829384709
-6 dB,53968.149033,49217.4726562,393.62916358
-6 dB,55909.2686871,54935.609375,397.823187529
-6 dB,53291.5689611,51954.796875,398.671674311
-6 dB,49467.2928629,47574.5429688,406.433196142
-6 dB,46911.5434797,43092.4101562,398.015199078
-6 dB,56391.0418973,53736.9453125,393.570981482
-6 dB,54367.7096438,49707.4101562,400.507076338
-6 dB,49051.235775,45664.6640625,402.502054961
-6 dB,49168.4371701,47369.328125,402.015845822
-6 dB,52493.8937685,49512.4257812,407.133291763
-6 dB,51490.6485613,49954.9023438,418.881074527
-6 dB,54918.9674229,52098.734375,410.025527472
-6 dB,52199.7712843,49208.765625,410.838981133
-6 dB,52357.6128913,46495.0234375,408.342005259
-6 dB,60348.0381533,58437.78125,407.116999163
-6 dB,48173.7370544,43381.53125,410.46918505
-6 dB,48501.2397652,47121.1875,408.432335253
-6 dB,51847.8118253,50017.7421875,410.842043478
-6 dB,51088.0825106,47325.8359375,405.622681451
-6 dB,54653.8344443,49638.78125,408.715355958
-6 dB,62784.7987443,54452.9023438,406.69662615
-6 dB,51010.5423631,50879.203125,411.776983156
-6 dB,54708.1220879,54350.03125,411.034478893
-6 dB,57183.4466524,50100.1015625,415.423094235
-6 dB,60158.0792397,57863.6015625,408.31107033
-6 dB,53486.0004983,46014.2578125,416.937558434
-6 dB,47450.2054423,43548.6328125,407.97585052
-6 dB,69367.5890026,67473.515625,418.103395447
-6 dB,43995.2144407,41367.1953125,410.98983243
-6 dB,59200.8083758,53917.125,414.883817493
-6 dB,44112.3938874,42673.2773438,417.661411348
-6 dB,61217.287259,53563.546875,423.639846301
-6 dB,47304.9622954,46332.40625,426.096615928
-6 dB,49081.978035,45689.7226562,427.805553033
-6 dB,47012.0827536,44479.2070312,415.060931415
-6 dB,47457.8192275,45182.140625,420.597826901
-6 dB,46049.022153,43748.6210938,414.605037896
-6 dB,45716.0327246,43065.3984375,416.342193276
-6 dB,43531.0883296,38157.046875,416.414768513
-6 dB,57961.1307526,55192.0078125,417.708536269
-6 dB,52462.4665808,47469.1015625,418.914259492
-6 dB,44232.5845718,41855.0,426.823847559
-6 dB,48437.6682573,44729.875,419.999053708
-6 dB,47207.8988246,45800.1640625,429.391460122
-6 dB,49421.2683512,47030.703125,438.953593942
-6 dB,50135.0482218,46414.5390625,426.916802593
-6 dB,49462.3057536,43254.390625,427.544266787
-6 dB,45983.29518,40361.1875,422.392900529
-6 dB,67312.919389,65399.1953125,417.088561199
-6 dB,50499.6964789,46242.390625,426.623231642
-6 dB,42167.6783422,40304.765625,427.674977704
-6 dB,45722.4890832,42752.4335938,417.7401809
-6 dB,45231.9048294,42546.6875,429.822652115
-6 dB,48913.7045329,45267.2617188,427.23341625
-6 dB,43674.8041105,41327.8867188,432.648575307
-6 dB,45624.1940997,41080.8359375,436.168057781
-6 dB,44155.6194686,39035.96875,431.512959857
-6 dB,42426.4220007,37774.75,423.574823706
-6 dB,39897.6131713,39931.2421875,428.460696812
-6 dB,59728.1903968,55155.0351562,421.095756499
-6 dB,52872.7625344,44996.1992188,430.97692258
-6 dB,45487.5872912,40279.4609375,428.565393072
-6 dB,50129.9816115,44588.2890625,433.216554045
-6 dB,46168.9580006,47652.40625,435.450285581
-6 dB,50942.512801,50319.609375,437.940664039
-6 dB,52769.7719159,46276.7226562,433.007050367
-6 dB,52955.7838746,41821.4765625,430.565560701
-6 dB,47040.4232354,48585.6757812,423.556311609
-6 dB,49067.0347147,48206.7265625,427.076392626
-6 dB,49340.4626719,45841.140625,430.958476445
-6 dB,39522.1574178,37450.0859375,427.448354459
-6 dB,44931.9111154,41434.03125,426.464599279
-6 dB,48527.3568004,43954.328125,424.886523338
-6 dB,41530.7459699,40475.5664062,427.382969074
-6 dB,43581.0466435,40476.40625,425.351508611
-6 dB,43685.9097143,40067.4453125,430.127513552
-6 dB,46448.7737868,43532.6601562,429.747820735
-6 dB,42966.2542322,40901.1328125,429.564480739
-6 dB,41061.5187492,39186.5898438,446.759482508
-6 dB,41013.0201877,37976.1679688,436.145663702
-6 dB,42158.345965,39309.3632812,433.907901158
-6 dB,53227.6697457,47914.9960938,439.207618266
-6 dB,41947.7933935,39444.6601562,443.130569173
-6 dB,44342.7738915,42250.1875,439.215285731
-6 dB,42140.0207123,39364.484375,436.910320184
-6 dB,43416.620474,40885.65625,438.643884302
-6 dB,44007.5585051,41263.7578125,440.515063354
-6 dB,42648.2756063,39762.03125,435.393535102
-6 dB,45894.2360229,43451.515625,442.045139767
-6 dB,41522.3860944,38528.3359375,442.21257072
-6 dB,57283.1127879,51535.6015625,444.408652645
-6 dB,43216.8809674,40810.90625,437.443828921
-6 dB,42685.8785953,39762.1484375,445.867971439
-6 dB,42425.5046598,39349.4375,441.424458659
-6 dB,41536.5809252,38484.8789062,441.871254316
-6 dB,40072.0045962,38129.1796875,450.975270234
-6 dB,44159.6002347,41621.5585938,445.896424245
-6 dB,46807.4912937,42635.46875,453.437977658
-6 dB,45021.2571784,41283.9882812,450.426562155
-6 dB,42498.8967034,40067.734375,458.173254764
-6 dB,43279.009527,40853.3515625,449.290629111
-6 dB,50593.4341151,46924.3398438,458.568517043
-6 dB,45140.6016262,41036.0039062,446.90208734
-6 dB,43957.187713,40512.4179688,457.131264962
-6 dB,47323.4254279,44667.3046875,454.897252477
-6 dB,40798.7373064,38090.5859375,451.297766718
-6 dB,39525.0777983,36175.9414062,451.651138278
-6 dB,46972.2559151,44373.3320312,452.450813222
-6 dB,45161.9273666,41284.7226562,461.408049161
-6 dB,45882.5828623,41595.875,460.119296956
-6 dB,41087.7585748,39352.9140625,453.713655822
-6 dB,43057.2594686,38606.1640625,464.229903479
-6 dB,44275.3024897,37257.6796875,458.580205744
-6 dB,40111.521206,38958.9414062,465.094255329
-6 dB,38941.1511503,36527.7851562,454.840839137
-6 dB,43506.6319251,41461.015625,466.169740361
-6 dB,48348.8834178,42605.59375,454.907900444
-6 dB,48122.0851147,40244.5,462.986861677
-6 dB,41642.4374229,39490.9375,460.451030555
-6 dB,42059.9288511,42057.109375,463.056957234
-6 dB,47160.3616749,44366.8554688,473.696477989
-6 dB,46535.23612,39571.296875,470.011162308
-6 dB,42534.2440815,36198.9140625,472.957762873
-6 dB,56155.6299674,55372.9023438,460.555644973
-6 dB,39853.3461906,37710.8164062,471.72157867
-6 dB,39691.8813587,36559.359375,477.398328131
-6 dB,42820.9706975,39142.7890625,465.632582952
-6 dB,37866.2286114,34990.1132812,476.737655764
-6 dB,40845.8724141,37906.6953125,466.527204004
-6 dB,39215.7951729,35592.90625,465.23310766
-6 dB,38506.3000525,36246.65625,475.874921203
-6 dB,47811.6537125,43143.8320312,466.627218188
-6 dB,50309.3254605,42826.796875,469.712431666
-6 dB,38525.131141,37115.6835938,477.47662007
-6 dB,41006.6895049,39764.625,485.087250294
-6 dB,41825.969186,39185.5390625,467.012632593
-6 dB,41586.4679694,37777.9960938,484.499586803
-6 dB,44340.5016855,41025.8632812,479.767634666
-6 dB,42985.7757955,35654.921875,480.597501857
-6 dB,38275.6019037,37756.2226562,474.917278401
-6 dB,41889.6028801,39972.0546875,476.772746295
-6 dB,47407.3157236,41914.5664062,476.316569385
-6 dB,38813.373671,35625.0859375,475.539579241
-6 dB,38386.8546615,35918.3046875,479.312039198
-6 dB,36506.4453832,34349.7617188,486.593887009
-6 dB,37858.3509347,34709.90625,487.54903425
-6 dB,37536.1494236,34219.9492188,481.079739842
-6 dB,40446.2833372,37799.75,477.651469298
-6 dB,35786.7683397,33063.5234375,485.742159542
-6 dB,35642.9505216,33448.65625,471.240032064
-6 dB,36588.80542,33101.296875,481.456519341
-6 dB,46341.8099567,40981.2578125,482.354543541
-6 dB,45713.1757424,39407.2578125,490.168015287
-6 dB,38188.0564504,37295.3398438,473.911311148
-6 dB,39632.2870343,37206.7578125,490.52985807
-6 dB,40599.0681058,36442.5273438,483.616642236
-6 dB,39283.0308664,35783.3046875,493.403691619
-6 dB,39672.5119674,37113.1796875,486.150052311
-6 dB,38864.5294904,36407.546875,477.499605363
-6 dB,39570.83973,36716.8203125,488.727269665
-6 dB,36933.4457859,33304.8984375,490.548366502
-6 dB,38887.0269296,36133.0273438,487.663711529
-6 dB,63228.7539586,51480.8398438,491.705393931
-6 dB,42117.7764748,40190.7265625,486.094958209
-6 dB,38615.4763905,35552.7421875,488.741405065
-6 dB,37247.7299651,33628.75,481.037119877
-6 dB,37753.3709768,34372.8125,489.905409802
-6 dB,35794.9655286,33728.1445312,489.680660365
-6 dB,35390.7948326,33022.6328125,488.051321001
-6 dB,37466.868471,34604.296875,498.68172435
-6 dB,42544.7143307,37394.609375,491.487261454
-6 dB,51882.5965994,42130.8359375,478.602622177
-6 dB,37974.004898,38268.640625,501.734251243
-6 dB,42866.4643184,40435.9726562,496.961987809
-6 dB,43727.9434765,36072.4453125,497.470082876
-6 dB,37626.2623499,34503.9960938,498.206480774
-6 dB,37412.6811527,33970.953125,496.665920076
-6 dB,39322.3214043,39293.0195312,493.456889925
-6 dB,36424.7129391,34161.9765625,496.685283571
-6 dB,38144.4241034,33435.2421875,488.986796926
-6 dB,45422.3701579,37044.7460938,490.037454616
-6 dB,36937.9708908,35210.0351562,497.453096454
-6 dB,39620.9921366,39423.2460938,489.174153271
-6 dB,39568.9727675,36005.53125,504.557936615
-6 dB,39169.4943843,32610.1796875,501.174549508
-6 dB,37651.650857,30670.7226562,489.28167368
-6 dB,34475.8625324,35399.546875,492.526325722
-6 dB,43229.7221904,41193.8984375,491.102240377
-6 dB,57482.7165183,45960.5,505.377008035
-6 dB,32348.801355,31764.0039062,494.594426822
-6 dB,33920.1975664,32036.5664062,499.576471218
-6 dB,44058.8690037,38523.53125,501.943475194
-6 dB,35842.9108402,34017.5078125,498.533783929
-6 dB,40038.5473098,36356.6992188,506.206599163
-6 dB,37358.8506187,33372.359375,493.664115473
-6 dB,37148.310439,34355.421875,497.722935765
-6 dB,34972.9512777,29554.1953125,494.034958397
-6 dB,35215.549687,34973.265625,502.418366973
-6 dB,32492.5030718,30733.6640625,494.845818776
-6 dB,45496.1682632,38953.6875,499.825828125
-6 dB,36405.0246858,31962.8710938,494.461861642
-6 dB,34114.3239164,32513.6054688,503.386021331
-6 dB,34023.1239141,32191.6445312,505.76074774
-6 dB,36436.5981006,33248.1796875,502.174676686
-6 dB,36853.4205332,33954.8984375,502.296211564
-6 dB,34047.6880604,31804.0429688,500.736502359
-6 dB,36249.0479151,31528.2109375,501.727346005
-6 dB,33479.8938896,30465.2148438,502.616796374
-6 dB,36204.8075712,33972.0625,505.796952295
-6 dB,32678.4072217,30541.0761719,500.545922429
-6 dB,33075.6182172,30524.5234375,495.994436058
-6 dB,34664.8801503,31589.03125,506.01381073
-6 dB,33380.4086993,30555.875,504.809870923
-6 dB,31118.5380567,28489.3808594,504.059205702
-6 dB,31306.7476606,28688.1015625,511.264222508
-6 dB,35915.0870889,32194.46875,515.174109286
-6 dB,32533.4091861,30027.1796875,504.323137754
-6 dB,33008.953373,30626.0332031,512.447753202
-6 dB,34210.0229264,30875.6308594,512.471867177
-6 dB,33033.9428669,29811.1933594,511.600053077
-6 dB,33274.7711467,30898.4609375,504.042268141
-6 dB,36235.2285488,33185.625,503.297449102
-6 dB,34729.7977508,32031.6328125,507.516974671
-6 dB,35102.8395418,31815.3398438,513.001076173
-6 dB,34527.609115,30876.8164062,524.37523584
-6 dB,33601.5655318,29634.9433594,510.038454185
-6 dB,33333.0371277,31600.0800781,521.25914973
-6 dB,36754.2123471,34267.1367188,513.02094904
-6 dB,34071.6210898,30361.7070312,515.098763647
-6 dB,32233.5944398,29334.1542969,512.826361311
-6 dB,36537.3456701,32285.90625,505.165753923
-6 dB,34760.7521136,32441.9941406,525.693802844
-6 dB,32430.2241083,29614.9453125,516.005940677
-6 dB,34644.3132919,28859.0839844,509.297280154
-6 dB,42244.5584691,39364.796875,505.240479031
-6 dB,30549.3240442,28050.2890625,514.328118064
-6 dB,33628.0416841,30255.8867188,512.248072967
-6 dB,38252.5662107,32711.796875,513.443609955
-6 dB,33136.6093759,31219.5625,514.415940282
-6 dB,33904.730713,30625.9570312,513.013409834
-6 dB,34623.6375261,29040.2578125,508.784505454
-6 dB,33674.4007589,32487.9648438,520.070195499
-6 dB,32404.1401651,30161.7851562,517.833119448
-6 dB,59725.2747983,47392.0078125,526.612013841
-6 dB,33470.6519806,31368.5429688,517.042489841
-6 dB,37366.2921629,34903.1484375,526.141740619
-6 dB,36977.157208,30152.9746094,526.392287283
-6 dB,33120.5660015,28360.7929688,520.036697826
-6 dB,29696.4632595,28063.7773438,511.308013909
-6 dB,29641.8112145,29374.8164062,510.24893752
-6 dB,40463.396583,36432.2929688,509.168587184
-6 dB,33629.7818376,28377.9394531,515.681531296
-6 dB,30763.9925488,27281.421875,525.930728367
-6 dB,32225.9558721,29245.8984375,520.398450217
-6 dB,32398.2719412,31300.4648438,533.710255365
-6 dB,35509.8479462,33217.75,523.011376191
-6 dB,34363.5341612,30533.328125,515.152797471
-6 dB,33771.5175536,31081.578125,519.922963559
-6 dB,34097.4343516,32199.8339844,519.800427037
-6 dB,31672.3602735,27464.8554688,519.54745566
-6 dB,31525.3557174,26841.9902344,523.231992014
-6 dB,36370.5788179,34740.953125,512.064403161
-6 dB,34943.4800273,31073.1601562,522.937028532
-6 dB,35131.1232386,30141.4765625,520.605137076
-6 dB,43537.902668,35499.484375,524.194717549
-6 dB,42456.4391592,41174.5976562,532.043634067
-6 dB,37903.268312,30207.375,522.517296816
-6 dB,32404.9586476,26800.2617188,526.308828325
-6 dB,31031.6283263,30647.8320312,523.154860516
-6 dB,33294.1558591,32725.859375,525.470164987
-6 dB,33441.8937152,30326.1875,521.792095347
-6 dB,32084.8074414,27419.8300781,532.764565111
-6 dB,30577.7227862,27146.4082031,528.98475284
-6 dB,29793.9830468,28312.4511719,540.127392199
-6 dB,30191.0779699,27931.6230469,526.981349412
-6 dB,31306.6203175,28611.828125,532.451708842
-6 dB,30295.1830314,27358.9375,525.720209608
-6 dB,30431.1152874,27408.1132812,533.325929332
-6 dB,30797.3320507,26161.7617188,524.208270285
-6 dB,34233.9166386,32499.1132812,531.537613137
-6 dB,27933.1756331,25471.390625,521.635309919
-6 dB,32414.7628326,28875.8867188,525.00476562
-6 dB,40605.0339319,33087.4492188,533.272437861
-6 dB,30068.5002108,28274.0292969,537.635521047
-6 dB,30952.7021091,30054.6640625,530.204149729
-6 dB,32579.4785138,29545.4550781,533.609133265
-6 dB,33113.3228074,29515.6699219,535.690592879
-6 dB,36118.9314121,26930.5371094,525.160782714
-6 dB,28412.9882768,25831.4648438,519.881322029
-6 dB,28845.0688138,28966.9179688,524.799992879
-6 dB,40584.1940749,37168.8671875,518.212692557
-6 dB,29794.8902691,26365.1347656,533.344223998
-6 dB,31112.0598945,26564.9941406,525.066920092
-6 dB,27640.3699807,26135.1835938,529.752439908
-6 dB,30989.6508108,27913.9648438,526.918305675
-6 dB,28373.5906353,26350.0664062,530.363761748
-6 dB,29252.1125568,26708.2089844,531.071497961
-6 dB,29447.0510108,25295.6015625,521.665691501
-6 dB,29651.4832257,27417.375,533.636993635
-6 dB,27967.3202016,26159.7304688,525.116572333
-6 dB,33016.5150495,29518.2382812,534.663146464
-6 dB,40215.1092935,32610.3671875,529.879802645
-6 dB,31089.9603756,28702.9140625,536.166246886
-6 dB,37501.3576452,34201.0273438,534.908384413
-6 dB,32609.6778342,29210.0429688,533.839842486
-6 dB,30093.7894583,26667.9863281,533.426545723
-6 dB,29258.8099294,26551.0664062,523.572805152
-6 dB,34881.937148,32426.1601562,535.432124675
-6 dB,28609.7330458,24196.0839844,539.675739789
-6 dB,37085.812131,33280.5117188,540.046406814
-6 dB,30209.1370599,26109.2617188,539.322640628
-6 dB,40531.2457263,35253.3046875,530.449986222
-6 dB,27759.9960199,25323.8984375,536.354068629
-6 dB,27518.8913683,24240.25,532.762337063
-6 dB,28476.1358453,26411.6875,532.633658751
-6 dB,29428.4113263,26846.6269531,531.240305564
-6 dB,27954.9344108,25071.9804688,535.540065285
-6 dB,29471.9780846,24668.3378906,533.281824001
-6 dB,35578.7492738,32092.4023438,537.191865911
-6 dB,26628.8684831,24359.234375,535.950125026
-6 dB,27181.2431591,24378.9238281,537.652562436
-6 dB,27278.1740025,24776.65625,546.751578684
-6 dB,27195.4224321,24050.5976562,536.310599709
-6 dB,33272.0244337,29155.9023438,539.968759837
-6 dB,26695.7545823,24010.828125,538.344074454
-6 dB,28150.9302235,25560.2167969,551.38524264
-6 dB,27793.4849668,25244.7207031,543.777343729
-6 dB,26448.1033871,23473.5976562,541.032828567
-6 dB,26308.5930908,24133.3730469,542.662626
-6 dB,28013.2374701,24670.9179688,543.590913294
-6 dB,30085.3164022,27368.4316406,532.452948682
-6 dB,27447.7591089,24247.0683594,545.859360356
-6 dB,33284.2763468,28439.8164062,534.405681125
-6 dB,27388.4260788,25449.8984375,544.799039241
-6 dB,27153.9749385,25522.5761719,538.425194206
-6 dB,29329.7325021,25608.5351562,539.79374326
-6 dB,33735.4094312,29735.4179688,543.842654602
-6 dB,27175.6406722,24737.0957031,549.849107501
-6 dB,27742.2093964,24198.5390625,539.513235216
-6 dB,27587.2484419,24890.7421875,550.67056088
-6 dB,32203.5747262,29663.515625,540.734565767
-6 dB,28364.7770651,23363.3164062,538.766487401
-6 dB,27525.5395965,25239.2792969,534.984789107
-6 dB,32730.7556076,28382.0214844,549.504137538
-6 dB,27494.3270198,24325.7441406,541.651263304
-6 dB,31571.3786678,27228.9238281,552.966660653
-6 dB,38660.2389191,33390.2226562,550.178173306
-6 dB,30357.2443966,26772.4941406,546.758736776
-6 dB,28198.4577801,25863.7441406,543.695236991
-6 dB,26470.6651719,24001.6054688,556.523420175
-6 dB,27446.3654033,24641.984375,551.932106227
-6 dB,27224.7824033,24472.3085938,535.769587191
-6 dB,28668.2429466,25210.1835938,554.810714689
-6 dB,26054.210019,23445.1992188,551.390948348
-6 dB,25951.4012474,23461.3320312,554.697045161
-6 dB,28035.0034569,24761.8300781,546.795615609
-6 dB,26692.5314899,23931.953125,559.589555994
-6 dB,25945.4305042,23595.1210938,553.434691169
-6 dB,34391.1605501,28271.8828125,553.301476141
-6 dB,28388.7860043,26593.4648438,551.312931251
-6 dB,32581.6335912,28486.1445312,559.58442562
-6 dB,29925.7053748,27008.3359375,557.124169782
-6 dB,29647.7896671,26688.671875,556.728449434
-6 dB,28198.970708,25474.4375,555.362924857
-6 dB,28516.9451321,24040.8007812,557.621976007
-6 dB,27146.5954725,24225.9414062,564.496991326
-6 dB,26247.0570266,22740.5703125,559.424520436
-6 dB,29524.8968999,28131.125,560.726585961
-6 dB,24326.1784779,22020.3164062,553.633714228
-6 dB,35128.4958874,29351.4960938,559.446165726
-6 dB,31050.3241455,25085.5859375,557.177424278
-6 dB,28924.5326306,25290.890625,563.230831085
-6 dB,28733.1074374,29225.1679688,570.785402209
-6 dB,31119.8662166,27959.9042969,564.622603629
-6 dB,29049.2247035,25997.6328125,559.272020091
-6 dB,35754.3862412,26518.1445312,560.450108924
-6 dB,27425.1341999,25900.9863281,561.999640446
-6 dB,27434.8419733,25729.1171875,545.995378766
-6 dB,42325.0091082,37310.9140625,561.507197904
-6 dB,28657.6812917,24251.7011719,557.497481392
-6 dB,25128.1655077,23515.1542969,557.940572186
-6 dB,27447.7000606,24044.1035156,560.024859614
-6 dB,39023.5990797,32045.46875,561.976136007
-6 dB,30166.0310281,28257.1054688,561.058369643
-6 dB,30938.196797,25036.3632812,556.590360552
-6 dB,27624.613601,23363.421875,556.193449225
-6 dB,26001.1534165,22107.3847656,569.058930222
-6 dB,36063.8285411,34345.859375,564.913575192
-6 dB,41728.2519639,32557.984375,558.447488488
-6 dB,33574.8275182,26793.9296875,574.284346089
-6 dB,36780.9254356,30082.6933594,564.281393497
-6 dB,41918.928997,42952.1054688,570.096636163
-6 dB,35164.7887001,28410.4921875,576.578686877
-6 dB,31813.5968239,24375.5742188,561.38325908
-6 dB,30207.0128086,23018.5351562,555.998205541
-6 dB,39238.7429873,41758.546875,561.913175334
-6 dB,24255.2876706,22745.875,565.870744044
-6 dB,48688.9305897,38038.5234375,569.670554999
-6 dB,25008.0694455,22125.5175781,567.840068358
-6 dB,25079.2721558,24595.8144531,573.063024089
-6 dB,26144.8114602,23822.1308594,557.698469872
-6 dB,26718.7188028,23865.7226562,570.652054036
-6 dB,26132.6327319,23145.3964844,565.234522792
-6 dB,27102.2324682,24005.2890625,568.313359949
-6 dB,26838.0863453,24121.3789062,572.634920092
-6 dB,27516.011134,23548.8867188,561.91756791
-6 dB,25984.8093533,22218.8320312,567.937907019
-6 dB,25355.9813072,21957.5898438,558.947431147
-6 dB,34823.8617902,30940.6328125,574.266174795
-6 dB,25849.6481216,22692.546875,555.519561261
-6 dB,31595.7025848,26968.9882812,559.690897967
-6 dB,28032.0316071,23883.2109375,567.003791865
-6 dB,27055.66579,25182.8300781,568.952377255
-6 dB,25849.6180023,22499.4082031,564.594053102
-6 dB,27526.3118905,22178.8320312,569.120472713
-6 dB,32037.8016671,29041.2519531,563.553323905
-6 dB,25898.4971578,22664.2460938,553.467513343
-6 dB,24882.2342593,22397.1992188,563.341782736
-6 dB,27066.4911332,23936.7695312,566.6267815
-6 dB,25998.3102318,22997.3046875,568.876827623
-6 dB,33169.6081738,28178.6601562,570.537566092
-6 dB,30466.2881965,27768.65625,567.611858362
-6 dB,27194.0670994,23967.7480469,567.206191197
-6 dB,27223.7758714,23179.125,569.571968769
-6 dB,26830.9507025,22000.9726562,568.672394464
-6 dB,25550.3176179,24330.5898438,560.876551657
-6 dB,34341.2186559,30343.0078125,571.223261244
-6 dB,27973.4707661,23846.7734375,563.143155449
-6 dB,24001.7375907,22309.5625,568.130777294
-6 dB,25413.1374113,22708.640625,575.137492959
-6 dB,25314.8158034,21290.4042969,567.821230116
-6 dB,24163.7936517,21598.3632812,561.714681192
-6 dB,26826.6241934,24045.1835938,571.821995348
-6 dB,24038.403165,21888.4101562,574.493024021
-6 dB,24899.9240807,21876.0234375,569.126938205
-6 dB,30057.014928,25500.7207031,579.122885394
-6 dB,36365.9014529,28824.71875,573.002088691
-6 dB,28867.8148572,27145.8027344,568.289116493
-6 dB,25770.4026123,22674.0703125,564.626970554
-6 dB,29872.5080567,23200.5625,575.116570808
-6 dB,26017.1602195,23577.7402344,574.217713534
-6 dB,26874.0367854,25200.9648438,575.048241566
-6 dB,24714.013545,22013.0117188,566.571851082
-6 dB,29288.7215155,24464.40625,582.828060506
-6 dB,25340.4607971,22727.0585938,577.979565834
-6 dB,30095.8492024,25034.2226562,580.546473581
-6 dB,25496.7576473,22984.7929688,577.015004357
-6 dB,24956.6474442,22360.515625,568.554998087
-6 dB,27388.4859477,24068.7578125,585.344239856
-6 dB,26172.7323494,22667.2050781,573.433102342
-6 dB,27952.5766717,22905.1367188,566.228223567
-6 dB,26477.7811519,24090.1640625,581.749266383
-6 dB,31061.6144678,27367.09375,584.731782004
-6 dB,25078.3477412,21762.8535156,585.255800772
-6 dB,26132.2496577,23020.5976562,585.219999317
-6 dB,26840.2738723,23677.0527344,588.885401821
-6 dB,25524.526447,21955.7558594,570.834115103
-6 dB,25039.0279904,20662.6875,584.571500593
-6 dB,24826.0841769,19197.6015625,574.350917568
-6 dB,36130.8037114,33611.734375,573.801729433
-6 dB,28447.7735086,23697.9550781,581.88183645
-6 dB,23999.0546179,20762.640625,577.843571854
-6 dB,26945.0557374,22614.2148438,586.69680169
-6 dB,25142.4371309,23150.8125,581.954669427
-6 dB,27516.8475233,25465.7578125,583.572998033
-6 dB,30738.9703422,26764.6679688,579.103322792
-6 dB,28607.4974491,25545.1679688,588.314333866
-6 dB,36100.1872415,25066.5214844,584.67042274
-6 dB,24361.4046153,22542.6914062,579.082933223
-6 dB,25327.1144229,24592.7265625,573.027732007
-6 dB,32888.6910302,29564.3339844,578.906742769
-6 dB,30880.7478244,25165.7871094,569.267892768
-6 dB,25256.3775974,21650.8203125,580.973889864
-6 dB,24859.3663564,23003.5566406,574.092784059
-6 dB,25121.7401327,22420.0859375,580.42779339
-6 dB,26616.4203394,23777.9140625,587.17961501
-6 dB,27120.8830171,23177.7929688,582.733184025
-6 dB,25499.1317571,21428.546875,588.191042446
-6 dB,24044.5147348,21771.4335938,578.015872996
-6 dB,23930.3949182,21043.3203125,582.268049727
-6 dB,22288.503307,20583.5898438,577.018158315
-6 dB,29456.1347067,25353.5703125,582.974315233
-6 dB,25507.2267749,21713.7597656,588.480534751
-6 dB,24128.5550428,20623.0019531,582.143665049
-6 dB,26497.2028959,22937.6914062,590.925643773
-6 dB,27173.8554307,23896.65625,587.206606881
-6 dB,26258.5260496,24980.265625,591.61918351
-6 dB,28647.8206476,25427.5957031,604.524957481
-6 dB,29551.9031974,25483.0683594,593.406322161
-6 dB,37767.3135318,24347.7226562,587.15164226
-6 dB,28348.5559934,20178.7167969,594.177610262
-6 dB,23775.7582191,26579.0019531,576.250992836
-6 dB,33594.4806748,34517.3828125,577.527893879
-6 dB,30598.3231317,26065.9570312,571.650616451
-6 dB,32511.9463341,23979.0996094,583.924312557
-6 dB,40128.4183233,25269.1953125,585.106505688
-6 dB,24434.1797328,28498.2734375,588.02837419
-6 dB,28350.7596207,28942.921875,596.414884198
-6 dB,35856.6551672,31741.4570312,591.087941909
-6 dB,40121.1849407,27541.3457031,580.180696291
-6 dB,31555.9814557,21887.5234375,581.685861077
-6 dB,25180.2487233,26950.5410156,580.283306199
-6 dB,31093.5207688,33110.5195312,569.738459154
-6 dB,28958.1355902,25498.375,565.784631951
-6 dB,30766.2294407,24017.2792969,569.632800338
-6 dB,31394.0847968,23087.4765625,584.742815971
-6 dB,21858.7201054,21739.1679688,579.916714156
-6 dB,23397.4223576,24041.5234375,571.748089878
-6 dB,29903.9671043,26514.4121094,598.496938692
-6 dB,29009.4195584,26512.5976562,571.869528256
-6 dB,27468.5022436,23774.4882812,589.849727545
-6 dB,30516.2168374,22509.4960938,577.113122746
-6 dB,27306.9624782,20373.6015625,576.052239733
-6 dB,24215.4516334,20549.6601562,561.9566015
-6 dB,26740.8918195,29270.2480469,564.367997862
-6 dB,51802.5676959,43720.5195312,559.433099153
-6 dB,32868.6367469,23331.8671875,570.289249919
-6 dB,34170.0600836,23052.8320312,562.161241096
-6 dB,24690.1796702,29477.765625,577.672482456
-6 dB,26941.4300444,27694.6992188,571.618737288
-6 dB,30544.7697047,26922.390625,589.675426778
-6 dB,37162.6943187,25052.9023438,573.235250719
-6 dB,26895.9125491,19447.2949219,567.461124331
-6 dB,24463.6832876,26268.8339844,562.068492498
-6 dB,25293.9476693,25840.9804688,564.066675161
-6 dB,36054.8826084,31038.0742188,558.139396138
-6 dB,38419.3337829,27128.5996094,565.531351531
-6 dB,35649.7791167,24271.0039062,585.319408849
-6 dB,27499.3085725,32711.8007812,578.464547347
-6 dB,27913.7325693,27198.8515625,575.673515579
-6 dB,31591.5500508,26669.2617188,572.870244206
-6 dB,31008.6744889,23112.8691406,577.259268757
-6 dB,25286.3382345,19943.265625,557.101608355
-6 dB,23512.9479644,22145.2988281,549.088848481
-6 dB,22363.6530038,23070.3242188,556.068663889
-6 dB,36394.5715883,33305.8046875,562.082284652
-6 dB,31175.9727747,23622.9746094,563.388025722
-6 dB,20948.6912348,18604.5429688,574.150547175
-6 dB,22578.6277942,20420.2988281,571.706715861
-6 dB,24340.2289717,22598.2792969,571.523926769
-6 dB,25573.11388,24011.8320312,583.44853762
-6 dB,28589.7943212,23106.890625,572.645856338
-6 dB,23337.4560679,19343.1699219,569.456907934
-6 dB,22561.8523898,18370.2578125,558.640927991
-6 dB,21569.2994151,21570.2539062,553.164504947
-6 dB,30467.5936669,27898.4414062,566.965365369
-6 dB,38768.3744746,29140.4238281,567.707257652
-6 dB,21619.1721014,18963.8085938,577.532084906
-6 dB,23104.7560576,21195.1875,566.902724733
-6 dB,26163.0020326,25011.2070312,569.777148275
-6 dB,29916.967364,23561.8476562,570.356029056
-6 dB,22302.6392569,20434.0117188,569.858007844
-6 dB,21972.3117542,18167.7148438,565.334215717
-6 dB,20615.1172158,19616.2382812,555.964811698
-6 dB,21077.2633723,19079.7539062,559.256955117
-6 dB,23025.5748786,20559.7148438,564.491937908
-6 dB,49751.8887857,35952.75,558.810435523
-6 dB,25301.7757072,20804.140625,565.165145487
-6 dB,22575.2686078,24507.4121094,580.141810504
-6 dB,34392.8574877,30292.03125,574.932762971
-6 dB,25160.5016716,19645.484375,566.785300261
-6 dB,25724.9539586,19140.1835938,561.972720645
-6 dB,20185.3732167,19449.9921875,563.112143564
-6 dB,21910.316203,21812.5039062,564.485688625
-6 dB,25430.9912907,23303.4316406,567.783838245
-6 dB,31328.626367,24507.3125,561.024261211
-6 dB,20587.5122276,18493.3125,552.833224531
-6 dB,31236.9472734,23034.9667969,573.116161319
-6 dB,22864.1883993,22651.3242188,576.082003227
-6 dB,23876.0011601,23337.5429688,578.309130018
-6 dB,31740.3162416,25586.6289062,572.557729962
-6 dB,23737.7206621,18941.7363281,560.307816801
-6 dB,23777.7455215,22300.9804688,567.783971391
-6 dB,21407.4956111,17629.046875,567.591904874
-6 dB,35448.0853468,32861.6914062,563.948704671
-6 dB,23391.9013062,19535.296875,572.183939517
-6 dB,22123.1118741,18729.4296875,563.791193661
-6 dB,20625.7379885,18917.8125,563.830320087
-6 dB,22237.5540519,20039.6601562,575.319720153
-6 dB,23516.3652698,19878.8828125,575.037118428
-6 dB,23066.8910237,19751.921875,568.18738852
-6 dB,22149.0778753,18756.7949219,562.577875044
-6 dB,20493.4518862,18402.2832031,569.871875732
-6 dB,20469.69221,18094.3203125,574.886351416
-6 dB,28998.0638728,24652.1601562,571.094251901
-6 dB,19470.6997457,17326.8398438,567.08600121
-6 dB,22246.3467118,18960.2480469,577.150006465
-6 dB,21863.2364011,18768.7695312,562.412105355
-6 dB,21006.2867854,19190.3632812,578.668505336
-6 dB,22897.8931718,19719.546875,578.330571314
-6 dB,22174.0514995,20321.6289062,577.882788671
-6 dB,23139.9489913,20106.2109375,571.484284864
-6 dB,28685.9266034,20449.7792969,569.111587396
-6 dB,21318.0140047,20112.5976562,567.998664075
-6 dB,19383.3251913,16660.8496094,571.478049017
-6 dB,23000.1180738,21596.8085938,570.767432466
-6 dB,23779.3906802,20942.5039062,570.08053412
-6 dB,18481.7361486,16500.1542969,564.740384784
-6 dB,26234.9000487,20679.953125,573.544590239
-6 dB,24462.2573225,18451.0742188,581.532631486
-6 dB,20756.4153427,20122.9257812,579.825331215
-6 dB,24033.2540834,22783.3964844,576.216285861
-6 dB,23590.5077398,19970.5390625,582.473263436
-6 dB,21786.641182,18913.7070312,575.955131539
-6 dB,22524.1379591,19847.28125,572.73270012
-6 dB,19544.9538849,17315.4335938,571.227300802
-6 dB,22912.3511493,20288.796875,580.360600158
-6 dB,21513.4922028,19124.4785156,581.818084233
-6 dB,23643.0880657,20304.4335938,586.347507556
-6 dB,20522.8378829,18033.3417969,580.036492492
-6 dB,22355.4305583,18696.6757812,578.638098102
-6 dB,24006.4208641,21104.1757812,571.356235633
-6 dB,20127.1535186,17742.3320312,582.1766619
-6 dB,21645.5501086,17415.5546875,573.512959045
-6 dB,21596.3725226,19458.7617188,582.660612452
-6 dB,20036.7864813,17317.40625,578.544840131
-6 dB,28788.1533861,23698.2695312,578.673255817
-6 dB,28106.6162148,21865.0507812,579.893251249
-6 dB,26726.1481218,21397.3378906,587.904039594
-6 dB,22150.2915339,22698.5488281,584.005012106
-6 dB,25637.9100667,24481.6210938,593.543260374
-6 dB,47988.2595087,32554.9160156,584.591992769
-6 dB,21194.5459988,18465.3984375,582.387435956
-6 dB,25450.7167471,16488.8789062,584.513108394
-6 dB,20020.5393316,23383.0976562,568.309223891
-6 dB,28973.6010488,29750.265625,574.247252268
-6 dB,59112.0004725,42284.0,571.37271146
-6 dB,21623.141625,17190.984375,573.948674317
-6 dB,19295.5014895,19019.9824219,588.508224108
-6 dB,21692.1234509,22470.5898438,581.167093613
-6 dB,21409.243776,20112.1152344,596.499124927
-6 dB,23645.0482271,20349.4335938,578.604056854
-6 dB,22595.1211124,19157.9746094,581.781420387
-6 dB,22763.9518357,18262.7285156,586.989517579
-6 dB,21904.9185081,17249.8046875,583.75815076
-6 dB,19783.5307405,19084.375,584.986921574
-6 dB,19515.3340583,18264.7871094,578.60212197
-6 dB,25424.6392303,22247.140625,576.022391954
-6 dB,32849.4711666,24299.9453125,583.174718606
-6 dB,32667.0701935,22873.7109375,592.550110503
-6 dB,21592.409979,21862.046875,591.206937252
-6 dB,27818.3378683,28708.5507812,574.720200613
-6 dB,27695.1855982,22369.34375,605.171237929
-6 dB,23401.8847455,18698.1054688,592.946501464
-6 dB,20780.8116861,17287.9785156,584.864917633
-6 dB,20976.8079416,20767.8769531,581.933164612
-6 dB,23149.0150735,21442.3691406,585.765398304
-6 dB,20793.6916662,17854.7832031,576.623501909
-6 dB,22503.7086413,18555.5527344,578.76312652
-6 dB,22878.4635242,18548.4121094,587.536783045
-6 dB,20953.9267769,19646.71875,576.727831714
-6 dB,20884.5891953,18284.0136719,590.758354516
-6 dB,24121.8973708,20228.515625,586.34916149
-6 dB,22339.2919484,19164.1914062,579.08331678
-6 dB,20238.6452623,17546.6640625,581.192823656
-6 dB,21646.7952372,18190.0195312,583.128289949
-6 dB,20218.640134,16793.2226562,578.761194079
-6 dB,19530.1826496,18166.296875,584.887006333
-6 dB,20072.801202,17866.2929688,585.543221383
-6 dB,24970.0844246,20670.8164062,568.419396214
-6 dB,23055.1445303,18322.0859375,585.874191534
-6 dB,20598.6910829,18329.890625,590.785502741
-6 dB,21069.4871123,19284.0976562,597.287548475
-6 dB,28251.7587701,23375.125,599.18444169
-6 dB,24500.5670671,18696.0859375,587.607199861
-6 dB,23723.1876826,22517.6035156,590.667528586
-6 dB,20444.8362865,16462.5976562,593.04173585
-6 dB,20851.2191169,19172.984375,571.460001097
-6 dB,34193.0799027,27072.7441406,595.299500742
-6 dB,19698.5482609,17315.25,589.1031654
-6 dB,20174.1504945,18092.2070312,592.976773109
-6 dB,21319.6651163,19107.09375,600.543356636
-6 dB,23737.3667853,19425.7695312,600.589575191
-6 dB,21324.0076831,18776.21875,587.312858132
-6 dB,19643.9961317,17280.0371094,593.533490678
-6 dB,18926.7115395,16530.3710938,590.788731212
-6 dB,20596.7234938,18042.9863281,591.300183008
-6 dB,19923.0632452,17220.9648438,588.278537297
-6 dB,23789.6717539,20144.2226562,589.114716069
-6 dB,20328.3948795,17442.0898438,587.629628143
-6 dB,19681.0438408,17268.8085938,592.665155459
-6 dB,23099.4949916,19345.1367188,608.921370991
-6 dB,20152.8337662,18312.7929688,604.120592454
-6 dB,21070.6925102,18400.2773438,600.328794654
-6 dB,20249.1321938,16995.4882812,602.531274888
-6 dB,20095.7728779,16950.2226562,603.004163379
-6 dB,18873.9881241,15707.25,604.759524254
-6 dB,19689.8517054,17726.328125,591.712914208
-6 dB,19391.6537906,17101.1914062,585.19115929
-6 dB,30699.0017873,24671.0527344,603.150201897
-6 dB,19350.1051957,17059.2851562,599.884065805
-6 dB,19977.9833908,17221.5195312,605.347015511
-6 dB,20277.5524943,17469.5,609.319075083
-6 dB,19837.1464365,17579.7675781,607.378995119
-6 dB,21901.5051892,18258.0703125,606.062728232
-6 dB,19915.7300567,16755.5957031,601.060343128
-6 dB,20518.7374389,18155.1132812,595.87943447
-6 dB,18994.2384968,16253.6025391,603.989777708
-6 dB,19438.6644245,16872.0585938,603.801944971
-6 dB,20782.6526596,17531.5390625,609.025500467
-6 dB,19111.3482342,16704.0019531,605.315141235
-6 dB,18212.7336214,15962.5253906,600.136913808
-6 dB,19697.2911535,16581.5664062,601.240769805
-6 dB,19192.0848591,16169.9375,609.137760363
-6 dB,22411.1688435,18914.6132812,612.587363488
-6 dB,19260.4820933,17071.4101562,604.727930927
-6 dB,24106.4716757,18487.6699219,606.987716208
-6 dB,17822.4771457,15548.59375,604.012924242
-6 dB,21374.2124461,19342.2285156,612.050053389
-6 dB,20901.9236232,17372.7890625,598.215905396
-6 dB,18449.039848,15466.0136719,601.968286049
-6 dB,18061.3345483,15705.578125,598.94818678
-6 dB,19469.8998525,16838.5117188,609.451579188
-6 dB,21842.6107693,18325.6269531,621.001862126
-6 dB,21056.346052,18626.2929688,617.268880391
-6 dB,23157.0960907,18382.265625,606.677149063
-6 dB,23106.6771744,21055.3007812,610.657679859
-6 dB,24676.9528941,18194.8203125,596.963156195
-6 dB,20981.3477869,19804.4921875,614.145542132
-6 dB,24438.9197913,20320.15625,605.29013433
-6 dB,18181.7192191,15738.7998047,611.559385712
-6 dB,17998.4674311,15387.9121094,602.879292537
-6 dB,19828.7002303,16769.6054688,597.809278119
-6 dB,23771.6032643,19257.4882812,614.145601986
-6 dB,23643.0603081,18491.0410156,613.791377807
-6 dB,19776.8802568,17586.78125,607.905428826
-6 dB,21440.8308863,19104.875,631.087962188
-6 dB,23842.7765849,21232.0449219,609.933515458
-6 dB,26259.6899076,18771.4804688,611.205317888
-6 dB,22111.59023,19477.0253906,613.679927777
-6 dB,21530.2569684,19339.9179688,601.909661763
-6 dB,18750.472887,16475.9179688,609.989250856
-6 dB,18704.0936312,15893.7304688,609.452323092
-6 dB,21248.4130254,19126.9824219,620.018282845
-6 dB,19832.5901872,16270.0488281,605.947115271
-6 dB,19611.3974683,16302.0322266,617.71898636
-6 dB,20352.3576202,16164.8828125,609.104445918
-6 dB,17232.6655968,15582.4228516,617.371221565
-6 dB,21995.5830492,18379.4804688,615.534915615
-6 dB,20035.0582153,17830.3027344,608.279866676
-6 dB,19946.685337,17257.1503906,620.03100617
-6 dB,20396.6854334,17288.0058594,609.897241276
-6 dB,22819.8994278,17871.328125,617.4479805
-6 dB,23436.1113223,16861.0,617.857775172
-6 dB,18764.0616622,16985.1367188,614.919146229
-6 dB,21684.5884984,20852.515625,612.950602465
-6 dB,26307.21548,22105.7734375,618.018478006
-6 dB,18321.4096768,15320.7832031,597.261339596
-6 dB,22601.6991909,17253.4375,609.019113152
-6 dB,19880.3883768,19026.953125,621.86364146
-6 dB,20070.5152379,17204.4101562,623.311966597
-6 dB,26021.6374084,19308.3769531,605.713528155
-6 dB,19466.7210356,17203.0273438,616.764418117
-6 dB,17503.8672786,15462.3271484,608.493855766
-6 dB,18133.8374117,15983.3408203,611.706015444
-6 dB,24372.7261694,20741.2304688,607.848182411
-6 dB,20853.9474699,16268.7363281,616.573315378
-6 dB,16972.2211356,15109.8359375,599.655563866
-6 dB,18282.7444249,15623.7929688,614.071463206
-6 dB,20003.3411337,17350.5234375,604.055583296
-6 dB,19207.4588011,15892.8203125,613.698564469
-6 dB,19252.1681581,16294.6503906,608.842774894
-6 dB,19467.2681121,17130.8007812,611.127311784
-6 dB,18082.8579009,15781.6699219,604.580707537
-6 dB,19404.5399325,15796.1523438,608.632610375
-6 dB,22894.4764758,16137.4414062,603.999264013
-6 dB,19520.4464584,18335.0214844,597.039568219
-6 dB,18191.9978305,16889.4882812,611.180418476
-6 dB,23958.9832968,19470.4296875,605.418080953
-6 dB,17428.6074461,14395.9707031,612.447284754
-6 dB,17105.2945869,15015.4355469,612.149251599
-6 dB,23669.5765557,18229.4570312,624.303576134
-6 dB,20729.776248,19434.65625,619.311380928
-6 dB,19387.1800487,16683.6640625,619.13114603
-6 dB,26321.5788817,17549.0507812,609.63039224
-6 dB,23572.3236871,22356.4648438,606.188234264
-6 dB,24444.4890253,21073.9804688,610.689891274
-6 dB,21035.9287272,17143.1328125,610.761687183
-6 dB,26862.4380847,21459.8320312,616.135645678
-6 dB,17544.4455918,15265.2265625,608.612813242
-6 dB,17559.147715,15398.2373047,609.522477282
-6 dB,18727.6310313,16151.1796875,602.745304288
-6 dB,18496.9810649,15316.0615234,610.52740258
-6 dB,18331.8173545,15672.0478516,606.633130461
-6 dB,24511.1082185,19503.8828125,618.523206571
-6 dB,20207.8658763,17651.9257812,603.862286711
-6 dB,19753.5946671,16791.3457031,612.424569415
-6 dB,18871.9703827,15958.9326172,608.493201032
-6 dB,19807.91989,15116.1708984,613.310705808
-6 dB,20151.6804817,18136.328125,618.788451754
-6 dB,20284.8962164,17111.7382812,618.134533157
-6 dB,22647.3155119,18522.9433594,615.602428884
-6 dB,18510.6441371,16219.7714844,622.517793367
-6 dB,19294.7107209,16400.0546875,631.532884037
-6 dB,19824.4808872,17420.2070312,623.377455812
-6 dB,19981.5638426,16462.53125,627.924759707
-6 dB,18867.2649773,15670.8857422,616.759128947
-6 dB,21435.9336479,15439.8125,615.343185016
-6 dB,17035.4032012,14684.9804688,628.069334847
-6 dB,20051.1409354,19417.8085938,607.203414201
-6 dB,21498.2349566,17931.828125,622.540911806
-6 dB,21408.8708028,16192.6347656,611.909707142
-6 dB,24304.3573415,17208.2890625,621.604637009
-6 dB,18176.2599364,17106.5351562,632.819634176
-6 dB,20839.219236,20548.8984375,637.164995586
-6 dB,28380.3761703,21419.6835938,624.173082648
-6 dB,18761.7507765,15581.0078125,618.654755449
-6 dB,22177.7157305,20623.4726562,623.705069233
-6 dB,21532.9911803,15943.9238281,624.268406204
-6 dB,18046.8843672,15347.640625,616.785207123
-6 dB,19929.8361558,18516.4921875,616.481197083
-6 dB,19861.5783527,16498.0664062,618.432912001
-6 dB,16955.0118134,14376.8984375,620.024425856
-6 dB,17843.7859671,14876.7568359,616.469226212
-6 dB,19582.6438622,15050.6796875,622.746197585
-6 dB,16630.2289334,15018.4208984,629.079386855
-6 dB,18611.3960934,16710.0039062,624.411462998
-6 dB,18981.454982,16053.8427734,621.81068135
-6 dB,25010.2522854,17995.2402344,632.821323534
-6 dB,24625.3298191,21711.4921875,618.475031144
-6 dB,17639.8069661,15113.2861328,627.2997642
-6 dB,17824.4191871,15502.7216797,616.3720545
-6 dB,17907.6447583,15217.6552734,614.665950094
-6 dB,20386.9358789,16998.1074219,616.793355866
-6 dB,18476.5530744,15408.0078125,619.293693356
-6 dB,19880.6218735,15700.7324219,618.638522703
-6 dB,17910.374262,15331.1601562,605.266825334
-6 dB,18146.5622228,15803.6914062,614.810846493
-6 dB,22541.1072168,18275.7167969,633.494863366
-6 dB,17163.5041982,15006.9003906,601.63961968
-6 dB,18641.1933754,15245.375,620.490887943
-6 dB,19785.1420268,15853.5615234,618.439807467
-6 dB,18137.2770809,13961.4199219,622.324610384
-6 dB,20119.5212817,18108.0859375,636.071187792
-6 dB,18734.7334059,16227.9296875,616.620210654
-6 dB,17786.5178835,14878.0507812,617.539328017
-6 dB,17352.6109341,14206.1347656,626.053887257
-6 dB,22110.1484211,16802.0,633.648261527
-6 dB,18159.9676055,17372.5664062,631.600554882
-6 dB,19237.6387247,16200.8056641,620.662691928
-6 dB,20426.7537069,17301.7695312,626.644075624
-6 dB,20596.3343101,17320.1875,629.745323962
-6 dB,29357.7618374,19735.8242188,625.423161611
-6 dB,17595.6714879,16080.0888672,615.939958584
-6 dB,16540.3761425,15374.140625,619.841785789
-6 dB,25247.6790396,22007.0976562,628.74516136
-6 dB,26108.7092062,19359.8046875,624.165779195
-6 dB,20802.3931556,15901.0126953,634.215336341
-6 dB,17628.3266247,17493.7910156,636.8563279
-6 dB,19485.196827,17681.8769531,626.607586455
-6 dB,21024.8696042,16632.5996094,637.945756554
-6 dB,19522.8167181,14615.8066406,623.773505969
-6 dB,18845.110117,13280.9404297,633.178115343
-6 dB,17023.1934135,16403.2285156,630.321534505
-6 dB,31746.3175299,28329.5039062,629.182409636
-6 dB,26507.4119697,18798.4570312,626.951814956
-6 dB,17876.1646648,15831.0507812,624.501128486
-6 dB,19042.1859528,16249.1240234,625.500272343
-6 dB,18701.6501174,16416.9101562,619.471441245
-6 dB,20562.2428413,17726.1171875,617.238136018
-6 dB,21882.6276151,16528.0878906,629.366081885
-6 dB,19264.5785815,17294.4023438,622.010249205
-6 dB,19258.6027188,15440.4316406,630.824738616
-6 dB,17273.555513,15140.2011719,613.7118558
-6 dB,17463.3983029,15263.953125,609.388276489
-6 dB,27753.1027956,21269.0039062,622.959183809
-6 dB,19047.1265016,17521.984375,622.260915578
-6 dB,18123.512601,15085.2675781,609.883264673
-6 dB,17271.24804,13948.6142578,621.158827117
-6 dB,19583.0101436,15389.3837891,617.289890491
-6 dB,20926.0210222,18351.7128906,623.927983951
-6 dB,19451.1856955,15738.6054688,632.602393406
-6 dB,16860.0224485,14149.6601562,609.720519461
-6 dB,26365.4233133,19554.9257812,629.746290182
-6 dB,18373.3941618,17137.765625,631.049435528
-6 dB,18151.4054681,16231.8046875,625.543470086
-6 dB,20417.0094808,16602.5546875,631.13287372
-6 dB,18103.0298106,14295.8730469,620.529062806
-6 dB,19684.7523434,13938.8300781,630.502719745
-6 dB,17205.3350085,13910.2304688,630.027357681
-6 dB,23469.4253268,22934.0898438,619.588206097
-6 dB,23780.7538672,19056.3574219,617.281741748
-6 dB,25307.76379,18149.0976562,616.305480578
-6 dB,22496.4901139,16299.6914062,623.630662941
-6 dB,18248.3608176,19087.7109375,623.545965365
-6 dB,22038.1190754,20831.1738281,625.432156866
-6 dB,19487.5548573,16422.5117188,628.008813544
-6 dB,21074.3943747,16049.9042969,622.131691248
-6 dB,19009.1929265,16347.6806641,627.792375311
-6 dB,21391.1536784,14306.6142578,629.345802252
-6 dB,16809.4276558,17342.40625,601.218736073
-6 dB,17983.9483943,16417.2988281,622.488895929
-6 dB,19193.3494439,16802.265625,620.710533881
-6 dB,33182.1428926,22557.9492188,619.946287828
-6 dB,18515.3339889,15225.3886719,623.128620494
-6 dB,17618.1336362,15964.8203125,627.643592044
-6 dB,19264.9058724,18159.734375,631.658349758
-6 dB,20996.6648683,19109.6914062,629.943401566
-6 dB,22004.012289,17760.25,623.683136887
-6 dB,18647.1496616,15732.6044922,627.91213166
-6 dB,19238.6788637,15634.1074219,631.154206301
-6 dB,30958.7326978,18118.5078125,612.433601315
-6 dB,27259.9412042,28967.4238281,623.696067871
-6 dB,20253.9411201,17591.6445312,611.461173267
-6 dB,31525.8770395,23304.5703125,614.840215437
-6 dB,18388.8854226,15138.4306641,613.440805966
-6 dB,17447.0983585,16294.8085938,625.82839758
-6 dB,22563.2011729,20388.0429688,614.676207176
-6 dB,22237.8744164,17729.0429688,617.957872418
-6 dB,20202.6409271,16318.2998047,625.681157089
-6 dB,17061.9559943,14404.7070312,624.473573495
-6 dB,19222.6133342,17192.6953125,617.632157235
-6 dB,20747.499636,17387.1875,609.248599634
-6 dB,18827.7297975,15136.7880859,629.636036018
-6 dB,18058.2454041,14563.8720703,620.030720335
-6 dB,27184.3315093,17440.7109375,617.53675428
-6 dB,31971.5176605,30951.5,616.072805935
-6 dB,30610.5716801,22524.3828125,610.280397095
-6 dB,27050.1660763,17789.9179688,620.591973398
-6 dB,16678.9909314,16481.640625,628.832043009
-6 dB,18985.7529726,19863.4648438,622.555496725
-6 dB,20735.9539525,18217.4023438,626.570810229
-6 dB,27995.9624757,19694.8535156,614.13462543
-6 dB,18889.4428612,14680.9072266,625.615907291
-6 dB,19418.9141477,13262.6962891,611.626056134
-6 dB,37384.4210734,36489.0585938,621.875609888
-6 dB,17810.98274,15143.5791016,617.214353074
-6 dB,18440.5592043,15050.4892578,602.412079216
-6 dB,23039.013366,16749.4921875,621.569147042
-6 dB,24647.2597542,17138.21875,615.0748384
-6 dB,24210.8781342,25018.5234375,628.641814876
-6 dB,33095.0433465,24292.0097656,625.12824699
-6 dB,21964.7063661,14781.4599609,606.652630765
-6 dB,19162.4430438,19932.6992188,606.245748191
-6 dB,17176.4016792,16236.4423828,613.382197559
-6 dB,24355.6921905,19979.703125,613.8718868
-6 dB,18525.8362604,14404.5,610.989658983
-6 dB,19584.6396811,14995.0859375,610.002730301
-6 dB,17594.9144933,15564.84375,614.673381806
-6 dB,19109.8867983,17884.640625,610.840020653
-6 dB,19976.8841863,16707.3066406,617.720570668
-6 dB,18683.785993,15307.671875,612.407923797
-6 dB,22781.7828884,19538.3457031,611.911616374
-6 dB,18476.2099758,15069.2675781,610.984909723
-6 dB,17029.8168465,14598.1904297,629.30122053
-6 dB,23279.2995521,15815.8554688,612.782982177
-6 dB,19733.7710507,19260.078125,620.519151414
-6 dB,16288.4129989,14103.6728516,619.984378406
-6 dB,17159.6779336,14633.7070312,619.038562337
-6 dB,17212.0930935,13919.2695312,619.237997046
-6 dB,16212.7742777,13330.5214844,625.490927734
-6 dB,18735.9751449,14562.5546875,608.518284893
-6 dB,18236.6720959,16541.0390625,611.104157921
-6 dB,18486.4129426,15089.0859375,615.255280956
-6 dB,16882.5045755,13606.4755859,614.070675328
-6 dB,15565.6242937,13506.4033203,613.546393934
-6 dB,16664.3695921,14807.8144531,605.125038918
-6 dB,16553.6231986,13487.8144531,614.033130767
-6 dB,16285.6086421,13195.7929688,619.992985218
-6 dB,20032.3609167,16431.1015625,623.158613633
-6 dB,14703.7185408,13097.8144531,601.718252422
-6 dB,17681.7809844,14495.8105469,613.056214864
-6 dB,20970.7261011,17032.4375,611.340425046
-6 dB,15833.8850051,12950.8095703,610.722516783
-6 dB,18622.5746286,14266.2597656,611.763574568
-6 dB,19681.6025849,17043.2382812,618.206048117
-6 dB,15580.4833189,13084.7949219,603.867232635
-6 dB,16024.6151976,13776.9492188,617.552748829
-6 dB,18594.3040721,14772.3632812,605.161821251
-6 dB,16146.9327664,13069.5039062,615.792773061
-6 dB,16713.2992367,13683.7773438,606.902465285
-6 dB,17169.2862336,14393.3320312,616.276193475
-6 dB,16538.1059748,14120.6884766,610.227305061
-6 dB,18334.7416786,15559.2373047,600.310650234
-6 dB,17630.0434235,14151.2617188,604.347919293
-6 dB,15215.7403977,12977.3515625,612.401901716
-6 dB,22819.0668624,17145.4296875,616.607414037
-6 dB,17099.6358323,15308.9638672,613.823773671
-6 dB,18614.8634717,16593.1367188,627.396856514
-6 dB,26904.7179089,20556.9296875,618.540243074
-6 dB,23416.3542472,14669.5556641,621.740732375
-6 dB,17295.7763699,13544.6533203,617.360301199
-6 dB,15631.2528933,16666.1054688,607.074252169
-6 dB,20961.1420511,21116.6953125,615.225063058
-6 dB,27410.5230566,20782.7050781,610.537283435
-6 dB,23682.0822756,15556.703125,613.791878629
-6 dB,14792.0710816,13068.640625,613.082751108
-6 dB,16441.3660495,16159.3535156,622.130033649
-6 dB,19970.6398493,18750.3652344,628.083759747
-6 dB,18203.437782,15194.1396484,615.990702862
-6 dB,17022.7511236,14448.1972656,604.750133228
-6 dB,19527.0026688,14462.2958984,615.514526046
-6 dB,16711.6359161,13608.8984375,601.399256807
-6 dB,16228.3353486,12803.3378906,608.364914828
-6 dB,17939.6068915,17340.5566406,615.191713188
-6 dB,21091.9974663,17441.8476562,602.021964412
-6 dB,21503.9996586,15663.5292969,616.607808588
-6 dB,17869.6271196,13680.46875,610.445981114
-6 dB,16874.3465872,15951.2285156,609.886786308
-6 dB,17065.2626253,16120.0634766,609.175430739
-6 dB,19308.8095745,15791.1113281,616.050381318
-6 dB,17852.3637924,15014.3759766,616.83378565
-6 dB,18103.2901459,14892.8164062,615.133384509
-6 dB,17153.9406957,12803.2402344,602.750692402
-6 dB,18035.0301146,16705.4121094,612.463650645
-6 dB,14360.0560305,12459.7578125,610.97327477
-6 dB,15508.2647961,13486.1181641,612.157858411
-6 dB,17770.9910757,14429.0888672,608.741153194
-6 dB,25679.6787616,18172.3886719,612.97224409
-6 dB,15946.4330742,13748.7636719,617.126842343
-6 dB,17121.1739761,14880.6787109,623.967120149
-6 dB,21068.6543807,19356.8476562,620.874567793
-6 dB,30000.6359944,20183.2167969,622.707019856
-6 dB,16513.7092328,12639.4111328,615.845819899
-6 dB,16356.1624319,15868.3896484,605.864588331
-6 dB,18342.1967676,17610.1523438,608.559573404
-6 dB,16636.2905522,14182.7929688,615.884085155
-6 dB,17447.0543031,13802.2158203,606.267185822
-6 dB,14615.3779289,12550.3691406,612.730613282
-6 dB,16146.6082579,12987.4453125,616.006199032
-6 dB,17300.9674364,13980.6054688,624.534938867
-6 dB,18030.1332389,14815.0761719,612.852765026
-6 dB,17025.1394158,15700.7304688,618.707983071
-6 dB,21607.5112442,17488.0859375,636.384754984
-6 dB,18023.9270235,13611.2539062,620.517308144
-6 dB,17819.5344423,12825.7285156,615.182681288
-6 dB,16551.7429342,15692.6972656,610.093900698
-6 dB,19582.6350204,17567.4492188,614.109636848
-6 dB,23458.8113116,18230.7421875,612.094560599
-6 dB,18896.1220956,13920.4990234,618.767157041
-6 dB,15245.2662436,14919.6572266,624.380495088
-6 dB,17623.7030156,15362.5625,612.217908208
-6 dB,17135.9354058,13921.7246094,604.879971981
-6 dB,32323.5142478,21794.7285156,620.236996764
-6 dB,15173.2885338,13857.4003906,605.993302067
-6 dB,21733.8261115,20233.8261719,621.079807154
-6 dB,19440.0193365,15935.3554688,615.419419919
-6 dB,17562.4486481,13444.1025391,616.593411783
-6 dB,17198.492745,13662.4707031,616.656412767
-6 dB,15414.5403748,13903.1875,624.206067283
-6 dB,16842.5617006,15082.6269531,608.512023395
-6 dB,18231.0288331,14373.7851562,623.058096184
-6 dB,20402.4752937,17145.9140625,610.630405817
-6 dB,17416.159713,14357.0175781,619.942910332
-6 dB,15658.6767288,13224.7148438,620.811586354
-6 dB,20368.714541,14881.0605469,613.044995226
-6 dB,16055.7275425,13911.4882812,604.386520466
-6 dB,16949.392691,15590.9697266,613.774647904
-6 dB,22846.713741,17112.6347656,604.132404528
-6 dB,14726.3759203,12125.6875,616.640344926
-6 dB,14722.5089265,12650.3691406,620.684045275
-6 dB,15528.533514,13952.03125,614.716152018
-6 dB,21634.5684276,16931.5175781,616.095868184
-6 dB,16767.8162897,14165.7509766,607.582449842
-6 dB,16715.7914637,12847.1367188,606.355041021
-6 dB,20406.7001993,17933.3183594,619.876265562
-6 dB,18456.6744753,14820.1591797,609.84879223
-6 dB,29284.382976,20225.5585938,617.036546552
-6 dB,16819.4341627,16108.2822266,614.506763162
-6 dB,20537.2332788,19242.0117188,633.311809205
-6 dB,31802.6986322,21538.5566406,614.959601666
-6 dB,17157.9723571,15504.4980469,619.535920265
-6 dB,15189.6945742,12173.7978516,610.661582607
-6 dB,15001.5791176,14330.7910156,616.657939663
-6 dB,15531.8875666,14646.2773438,599.19251592
-6 dB,22392.9649826,18107.8046875,615.410031336
-6 dB,24942.0169695,16266.4697266,618.248140387
-6 dB,14532.9778275,12761.1796875,617.274484713
-6 dB,21303.4511085,15427.6464844,613.782591432
-6 dB,22792.1175331,23959.1914062,626.347855201
-6 dB,19283.4051533,16792.6035156,614.187975205
-6 dB,26566.0456293,18092.8359375,624.359473994
-6 dB,19403.6742556,17634.46875,613.247835526
-6 dB,17318.3232889,12775.6601562,612.084639434
-6 dB,15618.5984054,13108.8417969,627.933939411
-6 dB,19104.0860485,18337.3027344,621.388731358
-6 dB,22967.8719268,19359.4648438,617.569213663
-6 dB,20727.2975871,15704.7128906,617.129269498
-6 dB,17057.841274,12532.4589844,620.214825001
-6 dB,16661.6167846,14616.390625,619.397278035
-6 dB,16926.4091933,16439.0683594,626.230836273
-6 dB,31425.3122124,23224.2773438,631.245651539
-6 dB,17181.8987729,13690.3867188,618.585264543
-6 dB,14834.4635009,12818.5859375,619.997145707
-6 dB,14857.5337666,13532.2128906,611.627192145
-6 dB,25085.0867973,21466.8183594,602.423457651
-6 dB,15975.442378,12748.6220703,611.267640929
-6 dB,28290.0541274,18460.6972656,610.449003148
-6 dB,15890.3631579,14978.2109375,613.585565555
-6 dB,18845.9180792,17188.6132812,635.69533909
-6 dB,25543.5830982,22398.6210938,636.882117798
-6 dB,38316.1671588,22638.171875,623.455680567
-6 dB,18715.0844955,13324.9863281,621.688367144
-6 dB,16144.8198568,16081.0410156,608.972319262
-6 dB,16643.1197746,18699.0625,610.021977751
-6 dB,35885.7570682,30952.84375,610.807531954
-6 dB,31303.8524907,20093.3828125,619.364730703
-6 dB,20948.6268033,13859.8164062,617.568056886
-6 dB,17195.8309469,19274.3828125,621.803007778
-6 dB,19369.5430583,19708.6425781,621.979909155
-6 dB,32051.0744689,23982.0039062,609.90663841
-6 dB,18277.3430923,16277.3457031,614.146178542
-6 dB,17098.9455744,13621.4365234,622.62571199
-6 dB,16417.7232515,14882.5332031,607.517225697
-6 dB,15063.3044043,13074.6259766,617.566380964
-6 dB,16868.8790117,13913.0175781,621.375669672
-6 dB,15177.8948129,12588.1699219,613.915607353
-6 dB,23528.3733991,17577.5273438,616.867261335
-6 dB,16497.5796958,14105.3642578,617.775948161
-6 dB,15990.4825207,14527.5175781,610.966805613
-6 dB,16440.3972019,14064.6396484,615.281982106
-6 dB,16401.3039077,13199.6308594,625.18327513
-6 dB,16546.8876588,13336.5498047,614.916749612
-6 dB,20880.6480405,14531.2460938,604.329456057
-6 dB,16586.0424466,15361.0302734,612.189529915
-6 dB,15863.0234067,14437.0634766,607.521013623
-6 dB,16399.9618354,13907.7783203,607.560562693
-6 dB,19434.0944242,14696.8193359,612.733488734
-6 dB,20307.6019152,14397.6220703,614.025699055
-6 dB,16558.0434263,14121.7460938,619.974265463
-6 dB,16847.7397099,15656.5292969,610.149273305
-6 dB,21541.6892316,19417.6894531,613.686455567
-6 dB,30186.3113394,19810.0234375,629.707824598
-6 dB,17532.7465293,12556.7216797,614.094111361
-6 dB,15573.3555511,15791.4296875,615.631595056
-6 dB,26183.5947339,24927.4667969,606.356599677
-6 dB,24257.1374646,18414.3242188,608.820667872
-6 dB,18429.4369845,13831.0996094,616.147363695
-6 dB,15976.4623003,15095.9199219,607.087883082
-6 dB,17265.9497454,14187.0917969,608.884359012
-6 dB,17577.6114788,15460.5595703,613.495151277
-6 dB,17617.3708263,14430.1738281,620.844070167
-6 dB,18031.7416286,14141.859375,621.717791056
-6 dB,18465.3553647,13634.2109375,621.0504944
-6 dB,16115.3365758,12343.1416016,601.523481466
-6 dB,16955.1799142,16483.1445312,611.58041047
-6 dB,21997.1020119,18505.3164062,613.561096118
-6 dB,34239.6609832,22619.0976562,617.452034716
-6 dB,15496.9505697,15162.5439453,616.356927228
-6 dB,17006.4537795,16126.0820312,613.981869788
-6 dB,18572.6713039,15422.796875,607.447568665
-6 dB,18557.0885762,15174.1113281,612.48940634
-6 dB,18500.975647,14315.3417969,609.262849857
-6 dB,25454.1736908,16193.6386719,611.830544262
-6 dB,15407.5177639,14859.9990234,614.752821971
-6 dB,19080.2314866,18961.6054688,620.969251275
-6 dB,18147.9906565,15212.1289062,602.829595099
-6 dB,16258.0907175,12927.0917969,601.722133183
-6 dB,27997.8281335,18119.484375,614.145334474
-6 dB,14616.2753813,14850.9082031,614.447011415
-6 dB,19237.4170567,18656.9179688,613.3397596
-6 dB,16126.2419824,13059.4082031,613.35865281
-6 dB,15598.4336944,12339.5253906,597.417172241
-6 dB,17511.0903092,12692.25,615.850784146
-6 dB,14878.3334494,11957.6757812,606.629999711
-6 dB,21002.9187317,19699.6640625,602.340280864
-6 dB,22750.8002975,17657.1972656,607.909826289
-6 dB,17746.9460781,13140.265625,606.049560274
-6 dB,14396.9525845,12592.4130859,611.266254507
-6 dB,17668.5506896,14327.2607422,611.08154519
-6 dB,19372.7299837,17865.9160156,620.571924632
-6 dB,17583.7182238,14604.359375,618.249430309
-6 dB,23792.9160414,16065.3183594,598.383447507
-6 dB,16746.9731159,13357.0996094,602.794654814
-6 dB,20640.2720753,19707.2675781,616.400596476
-6 dB,15024.6182995,13123.4492188,604.761671682
-6 dB,16298.8958275,13967.9921875,606.352643182
-6 dB,20648.7381691,15625.8916016,609.486589099
-6 dB,15214.6126715,13309.7363281,602.568333284
-6 dB,17256.7091547,13948.8066406,602.291746311
-6 dB,16604.7047465,14415.1318359,604.288254274
-6 dB,15535.4564908,13444.4375,617.682538722
-6 dB,20256.2157237,15182.8857422,608.711079434
-6 dB,21319.2004618,18640.2910156,608.7336885
-6 dB,15520.5299729,12535.6074219,611.841001672
-6 dB,18095.5100858,14929.8730469,607.193153455
-6 dB,15844.1258668,13387.4609375,611.908958352
-6 dB,16708.6578293,14473.0185547,622.255558003
-6 dB,19019.2451701,15475.0429688,614.678164047
-6 dB,16802.6278395,13451.7792969,609.780715841
-6 dB,16875.7627106,12425.6699219,607.278827024
-6 dB,13965.3181396,11924.9326172,603.92245011
-6 dB,15834.7489669,14007.5751953,621.079236705
-6 dB,15675.2618478,13261.1054688,619.452181579
-6 dB,15690.4649401,12668.0351562,613.223945088
-6 dB,15404.550126,12906.9335938,606.862780626
-6 dB,14423.2848697,11546.7011719,613.079404151
-6 dB,15154.2864052,12545.78125,608.111583104
-6 dB,22043.8175204,17723.9335938,602.315460851
-6 dB,14683.5498885,12651.0273438,617.758458474
-6 dB,17732.632885,12920.3554688,630.784393116
-6 dB,17507.5237677,12871.6582031,622.539905276
-6 dB,18498.8455713,17996.3945312,625.139454413
-6 dB,23601.3164035,18947.25,622.001556887
-6 dB,16626.349254,13546.3710938,616.466658583
-6 dB,16863.8600894,12643.4824219,615.135544152
-6 dB,15039.4692259,13662.0957031,618.830586777
-6 dB,20228.0907091,17905.1210938,617.026377419
-6 dB,20928.9023257,16553.7597656,616.239742173
-6 dB,15182.9568648,12629.1572266,616.94385903
-6 dB,14755.0149672,13238.71875,630.592607549
-6 dB,21475.2486188,16309.34375,607.213025101
-6 dB,14838.4334038,12108.6484375,609.345695613
-6 dB,14533.3729227,11449.2900391,613.097292052
-6 dB,14066.570592,12747.5136719,604.854737874
-6 dB,17142.618018,14484.8476562,609.214207811
-6 dB,16183.0231144,12792.9140625,603.968675994
-6 dB,15322.0813058,12707.3964844,616.891332558
-6 dB,20509.0817942,14951.2753906,610.247274428
-6 dB,15843.8686202,14185.8300781,619.490058392
-6 dB,15901.5254033,13746.7480469,607.948046348
-6 dB,15071.7683226,12148.7851562,615.189910229
-6 dB,19095.0436853,15465.8164062,617.706554977
-6 dB,16222.6553633,13105.8232422,611.546330134
-6 dB,19479.8071499,15877.2402344,619.370209208
-6 dB,16511.2970256,12901.8945312,608.109997574
-6 dB,16257.566977,14436.9140625,615.888505826
-6 dB,15649.313583,12255.4160156,622.729581283
-6 dB,24383.596798,19434.7441406,621.398643972
-6 dB,21924.2429989,15766.6113281,609.609020571
-6 dB,15934.188229,14114.5234375,611.08779203
-6 dB,19713.5286674,18366.1054688,621.269869161
-6 dB,19292.9225963,15035.3642578,614.626727169
-6 dB,17740.4693846,13182.9492188,622.353725252
-6 dB,17584.9695626,15224.828125,629.299840215
-6 dB,15883.6564774,13127.2753906,614.612345022
-6 dB,15122.5025727,13613.1796875,603.992364882
-6 dB,16268.0266841,13708.4521484,616.240428666
-6 dB,21179.1038284,16106.6191406,617.660661345
-6 dB,14512.7015833,12632.2128906,631.386060083
-6 dB,16227.1141401,13397.8369141,619.307336484
-6 dB,15912.8323723,13251.5439453,632.201414426
-6 dB,16656.9004568,13686.8964844,622.08771662
-6 dB,17855.5464386,13905.5361328,616.078146409
-6 dB,15837.7885992,12421.9394531,623.322382476
-6 dB,16234.4167724,14402.4492188,618.605303536
-6 dB,19461.5900065,16076.4980469,621.438400701
-6 dB,14949.0056029,12587.1074219,610.601932246
-6 dB,15383.1391619,12270.0361328,625.807429011
-6 dB,17044.4274123,13345.15625,616.095189021
-6 dB,14994.1093541,13019.6464844,627.853158019
-6 dB,16120.5661478,12966.4091797,628.235185156
-6 dB,22323.4810571,18403.3222656,631.787899012
-6 dB,15592.2272359,12455.9414062,617.183059018
-6 dB,16575.305154,12871.5214844,628.504166962
-6 dB,16393.1928835,13609.0029297,628.819631171
-6 dB,16614.6044042,14745.5292969,628.323057457
-6 dB,23712.5845322,17850.4023438,627.245675408
-6 dB,15514.2732416,13270.5595703,626.850370376
-6 dB,17048.6115641,12103.3701172,630.321293867
-6 dB,15227.6880855,13792.3623047,623.242948419
-6 dB,17137.0590279,15366.8710938,621.015613969
-6 dB,19864.5888453,15699.796875,618.459415265
-6 dB,15681.7687145,12719.4511719,621.415227293
-6 dB,15173.2830518,12068.5761719,625.204137426
-6 dB,15504.9954283,12825.4277344,636.821868893
-6 dB,16523.410263,14609.6259766,623.641253497
-6 dB,15263.988082,12722.1601562,622.38874005
-6 dB,17630.353122,13702.7412109,629.072790661
-6 dB,15147.933776,12434.2441406,625.015508259
-6 dB,20836.8887095,17715.6484375,629.980177792
-6 dB,15738.2638174,12872.1943359,619.553511337
-6 dB,15576.6423483,12878.8154297,633.575536043
-6 dB,16071.8526126,13321.1464844,629.272251022
-6 dB,16128.1673868,13272.6054688,636.659747877
-6 dB,15117.3856187,12402.7753906,619.88644691
-6 dB,15518.2328738,12320.0273438,620.96200279
-6 dB,14763.1522134,12461.6074219,626.393117309
-6 dB,18664.3171643,14934.2929688,630.252914542
-6 dB,13749.3954222,11846.1962891,613.106797901
-6 dB,19426.4802448,14956.7636719,635.103796059
-6 dB,16430.3687688,12112.2255859,624.443354375
-6 dB,14802.8196304,12406.4189453,630.681022203
-6 dB,29302.5996057,23258.6757812,628.657026433
-6 dB,13243.2428961,11662.4707031,618.822754407
-6 dB,14711.4960363,12400.8613281,611.019451794
-6 dB,14662.6573135,12361.1503906,614.922096194
-6 dB,15385.039963,12273.2539062,635.308045991
-6 dB,15190.171792,12347.8164062,629.019052444
-6 dB,16022.0817419,13138.5244141,638.315279017
-6 dB,15501.9646777,13719.1894531,627.233070569
-6 dB,18251.4248383,14598.4609375,636.942442437
-6 dB,20043.7475151,13459.4863281,622.969482423
-6 dB,26165.0197434,22750.5449219,633.729446019
-6 dB,19216.9824522,14419.0800781,629.362403896
-6 dB,15025.8857158,13525.6748047,614.319273671
-6 dB,16235.4425129,13780.0126953,627.195617623
-6 dB,23557.8176229,17032.3789062,620.346590088
-6 dB,15269.4746425,12904.6445312,627.76912617
-6 dB,17028.4751642,14804.0205078,625.497900156
-6 dB,15424.5176385,12389.4072266,626.918357594
-6 dB,14335.6460431,11655.5996094,624.176717883
-6 dB,17214.0094905,14680.7578125,626.661433387
-6 dB,15350.2958946,12507.6699219,624.974980754
-6 dB,23710.4837792,16633.703125,636.491627988
-6 dB,16960.1690972,13577.7216797,641.766682659
-6 dB,20741.7466902,19570.2070312,633.579139519
-6 dB,17427.910909,13974.9550781,638.986133954
-6 dB,16197.5866358,12690.5429688,629.577772079
-6 dB,15680.9048584,12846.8847656,624.938809179
-6 dB,15892.8517455,13219.6220703,627.044773655
-6 dB,14574.1776162,12194.8886719,629.991181221
-6 dB,14653.8335421,12381.8007812,626.866157267
-6 dB,17889.9688271,15115.3261719,630.089238533
-6 dB,15273.850676,12022.640625,630.15356975
-6 dB,15710.9695835,12735.6826172,619.877301409
-6 dB,13529.4940255,11557.3603516,632.960239384
-6 dB,14220.7441477,11552.8183594,617.950798611
-6 dB,14447.8697522,12384.9306641,644.440449974
-6 dB,18465.6844511,14560.4082031,631.595838603
-6 dB,14716.7780756,12273.6953125,633.818957595
-6 dB,15270.5111761,12563.5507812,636.258864175
-6 dB,21316.4634903,14802.9023438,628.984333253
-6 dB,14342.4112518,11498.5761719,630.93883201
-6 dB,13948.4905812,12804.5888672,621.917300279
-6 dB,18459.1717585,16289.7675781,631.467215259
-6 dB,30802.2471264,21168.3886719,631.61546961
-6 dB,15114.469754,12223.9902344,631.899899946
-6 dB,14876.32656,14642.5693359,630.325190507
-6 dB,16779.3614816,14502.6035156,623.441546389
-6 dB,16505.3541285,13664.015625,635.851784936
-6 dB,18408.3599512,14170.296875,634.800345475
-6 dB,14822.3370445,13135.234375,624.685420044
-6 dB,14019.5849504,11707.3417969,633.155933807
-6 dB,14747.6785193,11811.1777344,621.877267487
-6 dB,19508.709779,15648.5566406,630.498824326
-6 dB,16563.8986576,13152.2431641,625.964497832
-6 dB,14382.2880076,12636.8925781,639.566776163
-6 dB,18770.8631946,14217.5351562,635.113199301
-6 dB,14605.7828049,12001.1425781,622.402959734
-6 dB,14373.9526356,12230.3203125,618.92363709
-6 dB,18808.0539741,15199.3144531,633.813481533
-6 dB,15312.929734,12491.9492188,619.139688101
-6 dB,13645.5975835,11627.6933594,634.672943648
-6 dB,18394.4886331,13960.1542969,632.023529727
-6 dB,15409.1166945,12637.3652344,628.35603232
-6 dB,15455.3297767,12984.484375,627.580222162
-6 dB,14197.7784781,11831.8574219,624.615830195
-6 dB,20413.9562027,15243.6875,623.805245879
-6 dB,17914.1388976,15611.8066406,636.30859215
-6 dB,20186.2237553,14338.2617188,618.219424955
-6 dB,15525.7830429,13440.5996094,632.731949989
-6 dB,16023.9645881,13559.5849609,633.051305952
-6 dB,14241.4498883,11809.9931641,625.281068595
-6 dB,14721.3408376,12191.3271484,623.327322293
-6 dB,14507.4027319,12051.9492188,623.727353376
-6 dB,14927.2865719,11785.6005859,629.01414683
-6 dB,21144.8893552,15092.5761719,628.247887716
-6 dB,14967.3032213,13947.0195312,631.524131864
-6 dB,18281.5958893,14677.8652344,621.52198181
-6 dB,16237.5024727,11685.0585938,626.073422985
-6 dB,14595.3641447,10514.0703125,626.639868718
-6 dB,18934.9094872,17984.1796875,635.045352557
-6 dB,13628.6416748,11567.7851562,627.930491067
-6 dB,16786.9772247,12974.5615234,630.109576799
-6 dB,15564.783793,12057.4677734,631.066315678
-6 dB,13873.2142057,11562.9267578,627.455414839
-6 dB,14162.8890099,11537.6376953,626.366725203
-6 dB,16174.1546795,13875.5537109,631.477483335
-6 dB,13870.0370022,11672.9208984,625.554169357
-6 dB,15814.4614072,13315.6933594,623.065930997
-6 dB,17886.5380304,13568.7744141,626.72030442
-6 dB,16211.4441526,13400.8476562,632.571768742
-6 dB,14643.1180483,11521.5917969,617.548737366
-6 dB,17751.7276167,15027.6835938,624.558683945
-6 dB,13650.4885667,11269.8183594,619.045763182
-6 dB,15868.1603546,13082.0722656,631.675570711
-6 dB,13539.5252886,11089.5390625,627.482321203
-6 dB,21307.10523,15216.5898438,631.25013573
-6 dB,15052.7695082,12692.8808594,644.886561581
-6 dB,16565.2052195,15152.9121094,643.32181606
-6 dB,16923.4319118,13719.5527344,625.177091808
-6 dB,15888.4298024,12435.3964844,626.499618971
-6 dB,21475.2631644,13513.6582031,628.389498233
-6 dB,15026.4166367,12433.7148438,625.789255275
-6 dB,15566.3027785,16050.5673828,618.201754483
-6 dB,19190.2089612,16741.8789062,605.918965402
-6 dB,27600.9882077,19275.6308594,620.972411341
-6 dB,13674.3725053,11033.1542969,615.323567446
-6 dB,15364.902001,13864.5234375,624.851157974
-6 dB,15515.4728123,13242.5263672,631.120768482
-6 dB,16315.2192014,13880.8359375,617.48968677
-6 dB,18007.1815197,14948.3867188,628.065125498
-6 dB,16946.3079319,15125.0605469,626.344283484
-6 dB,20411.3546799,15092.4863281,619.588456508
-6 dB,16760.4973308,12143.5136719,628.196893028
-6 dB,17214.7219032,16125.4960938,618.969047
-6 dB,14761.8899863,13064.828125,626.601023242
-6 dB,14136.8723556,11973.0283203,622.58551063
-6 dB,18201.0411982,13036.5546875,624.503961185
-6 dB,21072.2526586,18131.4628906,625.513610092
-6 dB,14867.1629867,11935.9726562,612.960890085
-6 dB,19089.3293354,14301.828125,632.041106141
-6 dB,15454.7859096,13652.8417969,628.341677047
-6 dB,15636.0967086,12861.6367188,616.603632219
-6 dB,16849.5706094,13426.7949219,630.972735226
-6 dB,16440.22781,13084.8212891,628.882048269
-6 dB,14542.6036254,12676.6445312,627.834393068
-6 dB,17353.3092934,13983.0019531,627.629742479
-6 dB,17037.9515879,13378.9042969,617.946636901
-6 dB,15450.2985155,12254.5898438,628.977767597
-6 dB,20339.1664524,16044.6660156,623.671274731
-6 dB,15159.7062383,12622.7421875,631.692596221
-6 dB,14909.4001961,13203.9716797,629.303639134
-6 dB,15512.1775781,12506.3154297,629.934965766
-6 dB,18266.9212474,14229.9541016,630.495961089
-6 dB,21726.0662732,17076.4804688,633.838847564
